id,connector_id,resource_kind,external_id,name,description,selected,last_sync_at,node_count,meta,created_at,updated_at
fc1c358f-2677-48a2-8a9a-c56532aa93f3,32c486c3-291f-468a-8e05-5b8691dfbe8c,github_repo,ldbtech/vowayage_backend,ldbtech/vowayage_backend,,true,2026-05-19 15:53:00.570773-04:00,153,{},2026-05-19 14:42:09.390938-04:00,2026-05-19 15:53:00.570773-04:00
7dd76525-d25b-4a0f-ba0a-981c4e5cf746,d4a73a1d-dfc2-41dc-9f73-1716f0a70517,github_repo,ldbtech/vowayage_frontend,ldbtech/vowayage_frontend,,true,2026-05-24 22:59:27.524739-04:00,100,{},2026-05-24 15:54:12.243699-04:00,2026-05-24 22:59:27.524739-04:00
0a989875-b450-4ccc-adee-0d153fd9ca41,62b74fb6-861a-4d12-ac25-34f1f4f46d74,notion_page,36689345584e80468057e62d817cf5aa,To Do List,,true,,0,{},2026-05-23 20:47:20.579308-04:00,2026-05-23 20:47:27.886143-04:00
7b0f77ef-ac72-44a5-b3b5-a93721dea22c,62b74fb6-861a-4d12-ac25-34f1f4f46d74,notion_page,36689345584e80f0b180c06dfa95f5b4,Welcome to Notion,,true,2026-05-23 20:47:31.041955-04:00,1,{},2026-05-23 20:47:20.600461-04:00,2026-05-23 20:47:31.041955-04:00
0fc744fd-7361-42ef-a5bd-58fcb0a17d08,9a5aba93-bd1c-4d35-8eb1-7f480acbbf1a,github_repo,ldbtech/fluvio-graph,ldbtech/fluvio-graph,Knowledge Graph for DE ,false,,0,{},2026-05-23 12:50:17.094170-04:00,2026-05-23 22:15:32.791447-04:00
1e0bf774-7446-4ca1-89d2-e286999fef48,9a5aba93-bd1c-4d35-8eb1-7f480acbbf1a,github_repo,ldbtech/ldbtech,ldbtech/ldbtech,,false,,0,{},2026-05-23 12:50:17.192922-04:00,2026-05-23 22:15:32.791447-04:00
e0516aa6-c763-4e8f-a1fe-b80858f57f41,856252af-b3d3-43e2-affc-be5669f3c076,notion_page,36689345584e80468057e62d817cf5aa,To Do List,,false,,0,{},2026-05-24 15:53:56.449044-04:00,2026-05-24 15:53:56.449044-04:00
5f09f196-f345-4a3d-b158-fd258648bddd,856252af-b3d3-43e2-affc-be5669f3c076,notion_page,36689345584e8027b04ad88f55078bfc,Example sub-page,,false,,0,{},2026-05-24 15:53:56.494273-04:00,2026-05-24 15:53:56.494273-04:00
a9e2f453-93d5-4d7a-a139-0c2910acf98e,856252af-b3d3-43e2-affc-be5669f3c076,notion_page,36689345584e806ca330d24ee4cb8fb0,Page 36689345,,false,,0,{},2026-05-24 15:53:56.511188-04:00,2026-05-24 15:53:56.511188-04:00
ee5aca1b-bce0-4f63-b611-e892638828b7,856252af-b3d3-43e2-affc-be5669f3c076,notion_page,36689345584e80eb87ebdf42f70b1758,Page 36689345,,false,,0,{},2026-05-24 15:53:56.530825-04:00,2026-05-24 15:53:56.530825-04:00
6768652b-3c31-46e9-b88e-95eaeaf8fb0e,d4a73a1d-dfc2-41dc-9f73-1716f0a70517,github_repo,ldbtech/vowayage-backend2.0,ldbtech/vowayage-backend2.0,,false,,0,{},2026-05-24 15:54:12.227571-04:00,2026-05-24 22:58:02.712190-04:00
9a77dacf-9c9f-4d92-9caa-2f8f1fc566e2,d4a73a1d-dfc2-41dc-9f73-1716f0a70517,github_repo,ldbtech/ldbtech,ldbtech/ldbtech,,false,,0,{},2026-05-24 15:54:12.257598-04:00,2026-05-24 22:58:02.712190-04:00
d81789f9-0d3c-4b3e-99f4-b9d601c1c825,d4a73a1d-dfc2-41dc-9f73-1716f0a70517,github_repo,ldbtech/traveling_app,ldbtech/traveling_app,,false,,0,{},2026-05-24 15:54:12.271088-04:00,2026-05-24 22:58:02.712190-04:00
33718a6f-b660-44d1-81cf-7988f18a4c11,d4a73a1d-dfc2-41dc-9f73-1716f0a70517,github_repo,ldbtech/football_data_analytics,ldbtech/football_data_analytics,,false,,0,{},2026-05-24 15:54:12.288012-04:00,2026-05-24 22:58:02.712190-04:00
4f1b8e18-01e1-4574-bdf7-47620a9d4ddd,d4a73a1d-dfc2-41dc-9f73-1716f0a70517,github_repo,ldbtech/my-app,ldbtech/my-app,,false,,0,{},2026-05-24 15:54:12.300711-04:00,2026-05-24 22:58:02.712190-04:00
b6254f62-9540-44d7-bae6-c64ea2687e19,d4a73a1d-dfc2-41dc-9f73-1716f0a70517,github_repo,ldbtech/db-agent,ldbtech/db-agent,SQL ChatBot - Talk to your DB in Natural Language,false,,0,{},2026-05-24 15:54:12.312573-04:00,2026-05-24 22:58:02.712190-04:00
0324c910-0978-42e0-a153-e8b410021a8d,d4a73a1d-dfc2-41dc-9f73-1716f0a70517,github_repo,ldbtech/portoflio-v1,ldbtech/portoflio-v1,Portfolio,false,,0,{},2026-05-24 15:54:12.324155-04:00,2026-05-24 22:58:02.712190-04:00
cbaaf44b-e327-4784-a885-9213a1aba251,d4a73a1d-dfc2-41dc-9f73-1716f0a70517,github_repo,ldbtech/fluvio-graph,ldbtech/fluvio-graph,Knowledge Graph for DE ,false,,0,{},2026-05-24 15:54:12.221942-04:00,2026-05-24 22:58:02.712190-04:00
e7fa66f3-b496-4721-8998-756ab71bbb24,d4a73a1d-dfc2-41dc-9f73-1716f0a70517,github_repo,ldbtech/alidaho_portfolio_01,ldbtech/alidaho_portfolio_01,,false,,0,{},2026-05-24 15:54:12.253106-04:00,2026-05-24 22:58:02.712190-04:00
2b21b6f0-4921-42a6-9ffa-bd42e76543b7,d4a73a1d-dfc2-41dc-9f73-1716f0a70517,github_repo,ldbtech/rust_projects,ldbtech/rust_projects,These are dot...,false,,0,{},2026-05-24 15:54:12.279628-04:00,2026-05-24 22:58:02.712190-04:00
7ce891c8-cdfe-4d18-90da-67e67ff4160f,d4a73a1d-dfc2-41dc-9f73-1716f0a70517,github_repo,ldbtech/varitasnews,ldbtech/varitasnews,,false,,0,{},2026-05-24 15:54:12.297019-04:00,2026-05-24 22:58:02.712190-04:00
53ae94de-1f17-493d-879a-ffc938a79324,d4a73a1d-dfc2-41dc-9f73-1716f0a70517,github_repo,ldbtech/code-challenges,ldbtech/code-challenges,,false,,0,{},2026-05-24 15:54:12.308822-04:00,2026-05-24 22:58:02.712190-04:00
c673c00b-df1a-48da-a589-4dceeaa17c78,d4a73a1d-dfc2-41dc-9f73-1716f0a70517,github_repo,ldbtech/Highgaters,ldbtech/Highgaters,Welcome to highgaters where the combination of an AI driven freelancing ,false,,0,{},2026-05-24 15:54:12.321020-04:00,2026-05-24 22:58:02.712190-04:00
a138a55c-b4bc-4d72-ac40-896a00476363,d4a73a1d-dfc2-41dc-9f73-1716f0a70517,github_repo,ldbtech/SwiftyUI,ldbtech/SwiftyUI,,false,,0,{},2026-05-24 15:54:12.329699-04:00,2026-05-24 22:58:02.712190-04:00
a56732d7-1fbe-4ab5-a609-f76b8cffd427,d4a73a1d-dfc2-41dc-9f73-1716f0a70517,github_repo,ldbtech/ML_review,ldbtech/ML_review,Machine Learning Review,false,,0,{},2026-05-24 15:54:12.344907-04:00,2026-05-24 22:58:02.712190-04:00
1ed02c91-6b3f-44b5-8453-6cf3d9316948,d4a73a1d-dfc2-41dc-9f73-1716f0a70517,github_repo,ldbtech/ReinforcementLearning,ldbtech/ReinforcementLearning,This is repo for all projects related to Reinforcement Learning,false,,0,{},2026-05-24 15:54:12.352774-04:00,2026-05-24 22:58:02.712190-04:00
d7d3ac83-bbea-4e79-bdda-f74c97365a09,d4a73a1d-dfc2-41dc-9f73-1716f0a70517,github_repo,ldbtech/CSE446,ldbtech/CSE446,,false,,0,{},2026-05-24 15:54:12.360502-04:00,2026-05-24 22:58:02.712190-04:00
7988f249-0d24-405d-bd05-1e659b243ee6,d4a73a1d-dfc2-41dc-9f73-1716f0a70517,github_repo,ldbtech/Calculator-NoCondition,ldbtech/Calculator-NoCondition,,false,,0,{},2026-05-24 15:54:12.367234-04:00,2026-05-24 22:58:02.712190-04:00
bd3d95f5-ba8c-4fd4-9c7f-580648f76d56,d4a73a1d-dfc2-41dc-9f73-1716f0a70517,github_repo,ldbtech/oop_lab1,ldbtech/oop_lab1,,false,,0,{},2026-05-24 15:54:12.374430-04:00,2026-05-24 22:58:02.712190-04:00
06143571-3bb1-479b-8c91-4266da1c06bf,d4a73a1d-dfc2-41dc-9f73-1716f0a70517,github_repo,ldbtech/FaceDetection,ldbtech/FaceDetection,Face Detection (Computer Vision),false,,0,{},2026-05-24 15:54:12.338267-04:00,2026-05-24 22:58:02.712190-04:00
170f97cc-be6b-48e2-a1b8-c6b754c84a74,d4a73a1d-dfc2-41dc-9f73-1716f0a70517,github_repo,ldbtech/Backend_server,ldbtech/Backend_server,Backend Servers for my portfolio. ,false,,0,{},2026-05-24 15:54:12.347486-04:00,2026-05-24 22:58:02.712190-04:00
67b7b6bd-8de7-4822-8107-4fc900290d79,32c486c3-291f-468a-8e05-5b8691dfbe8c,github_repo,ldbtech/varitas_backend,ldbtech/varitas_backend,,false,,0,{},2026-05-19 14:42:09.419852-04:00,2026-05-19 15:52:12.677140-04:00
265aa39d-570b-4c48-a2f3-243aaa28265b,32c486c3-291f-468a-8e05-5b8691dfbe8c,github_repo,ldbtech/vowayage.com,ldbtech/vowayage.com,,false,,0,{},2026-05-19 14:42:09.398504-04:00,2026-05-19 15:52:12.677140-04:00
c7f5a10c-6826-4e2c-b46e-bca61471f23f,32c486c3-291f-468a-8e05-5b8691dfbe8c,github_repo,ldbtech/voyage,ldbtech/voyage,,false,,0,{},2026-05-19 14:42:09.402095-04:00,2026-05-19 15:52:12.677140-04:00
80bda6ab-fa34-44d6-a55e-7535ff8ec6dd,32c486c3-291f-468a-8e05-5b8691dfbe8c,github_repo,ldbtech/traveling_app,ldbtech/traveling_app,,false,,0,{},2026-05-19 14:42:09.405570-04:00,2026-05-19 15:52:12.677140-04:00
33ff7c64-8bc6-4a92-9713-b69f6edb0620,32c486c3-291f-468a-8e05-5b8691dfbe8c,github_repo,ldbtech/yelp_dt,ldbtech/yelp_dt,,false,,0,{},2026-05-19 14:42:09.409306-04:00,2026-05-19 15:52:12.677140-04:00
ec85d11b-4758-4e6b-9168-37a4ab010b48,32c486c3-291f-468a-8e05-5b8691dfbe8c,github_repo,ldbtech/rust_projects,ldbtech/rust_projects,These are dot...,false,,0,{},2026-05-19 14:42:09.412828-04:00,2026-05-19 15:52:12.677140-04:00
b40a4000-7316-470f-9ec3-3abdd2293202,32c486c3-291f-468a-8e05-5b8691dfbe8c,github_repo,ldbtech/football_data_analytics,ldbtech/football_data_analytics,,false,,0,{},2026-05-19 14:42:09.416359-04:00,2026-05-19 15:52:12.677140-04:00
1bd6c0f8-6c96-4cc0-ac5e-b964a774bd13,32c486c3-291f-468a-8e05-5b8691dfbe8c,github_repo,ldbtech/varitasnews,ldbtech/varitasnews,,false,,0,{},2026-05-19 14:42:09.423065-04:00,2026-05-19 15:52:12.677140-04:00
8aa93500-8793-47c3-8b80-ffa465c78da0,32c486c3-291f-468a-8e05-5b8691dfbe8c,github_repo,ldbtech/my-app,ldbtech/my-app,,false,,0,{},2026-05-19 14:42:09.426211-04:00,2026-05-19 15:52:12.677140-04:00
1bc9e56e-8ec3-4baa-bc5d-2f333a16ab96,32c486c3-291f-468a-8e05-5b8691dfbe8c,github_repo,ldbtech/code-challenges,ldbtech/code-challenges,,false,,0,{},2026-05-19 14:42:09.432698-04:00,2026-05-19 15:52:12.677140-04:00
716fc99a-a2ef-493a-b36c-12b051d4b31c,d4a73a1d-dfc2-41dc-9f73-1716f0a70517,github_repo,ldbtech/learnings,ldbtech/learnings,Learning new tech,false,,0,{},2026-05-24 15:54:12.239007-04:00,2026-05-24 22:58:02.712190-04:00
b23bcfe0-4f30-4b4d-82d4-3d5e28f7f78e,d01f9c88-b44c-441a-b5d6-d6060a565d9d,notion_page,36689345584e80468057e62d817cf5aa,To Do List,,true,,0,{},2026-05-23 20:51:29.558853-04:00,2026-05-23 20:51:42.422620-04:00
946cb3ac-1f99-4abf-af86-b04507d259cd,d01f9c88-b44c-441a-b5d6-d6060a565d9d,notion_page,36689345584e800c9557f1cfe534ef72,Page 36689345,,false,,0,{},2026-05-23 20:51:29.603334-04:00,2026-05-23 20:51:42.422620-04:00
b9f362aa-bdb0-4767-b691-bcd90fe9efa2,d01f9c88-b44c-441a-b5d6-d6060a565d9d,notion_page,36689345584e804db3e0d76a6a4ac52d,Page 36689345,,false,,0,{},2026-05-23 20:51:29.615321-04:00,2026-05-23 20:51:42.422620-04:00
d874576d-52f0-420d-90c1-a9e3f12a5917,32c486c3-291f-468a-8e05-5b8691dfbe8c,github_repo,ldbtech/SmartNeighbors,ldbtech/SmartNeighbors,"Create a platform that allows neighbors to share resources such as tools, equipment, and skills. This platform aims to foster community cooperation, reduce waste, and save costs by enabling users to borrow and lend items locally.",false,,0,{},2026-05-19 14:42:09.429331-04:00,2026-05-19 15:52:12.677140-04:00
0cebb61a-0184-42f4-a9ab-78c4ae121838,32c486c3-291f-468a-8e05-5b8691dfbe8c,github_repo,ldbtech/db-agent,ldbtech/db-agent,SQL ChatBot - Talk to your DB in Natural Language,false,,0,{},2026-05-19 14:42:09.436192-04:00,2026-05-19 15:52:12.677140-04:00
b628f061-90fb-49e6-9f80-da4e59827c00,32c486c3-291f-468a-8e05-5b8691dfbe8c,github_repo,ldbtech/frontend-netxtjs,ldbtech/frontend-netxtjs,,false,,0,{},2026-05-19 14:42:09.439369-04:00,2026-05-19 15:52:12.677140-04:00
72048e73-f9a0-4eb9-9764-9d28dc27ce6a,32c486c3-291f-468a-8e05-5b8691dfbe8c,github_repo,ldbtech/Highgaters,ldbtech/Highgaters,Welcome to highgaters where the combination of an AI driven freelancing ,false,,0,{},2026-05-19 14:42:09.443606-04:00,2026-05-19 15:52:12.677140-04:00
afb51be3-f31c-4dd3-8748-80e9a80123fb,32c486c3-291f-468a-8e05-5b8691dfbe8c,github_repo,ldbtech/portoflio-v1,ldbtech/portoflio-v1,Portfolio,false,,0,{},2026-05-19 14:42:09.446778-04:00,2026-05-19 15:52:12.677140-04:00
b58b045e-4862-41ec-9a7e-fe0cc0e5bf4a,32c486c3-291f-468a-8e05-5b8691dfbe8c,github_repo,ldbtech/FlyMe,ldbtech/FlyMe,,false,,0,{},2026-05-19 14:42:09.450011-04:00,2026-05-19 15:52:12.677140-04:00
8059d91f-d7e5-4bd9-ad05-ac64b3b3f459,32c486c3-291f-468a-8e05-5b8691dfbe8c,github_repo,ldbtech/SwiftyUI,ldbtech/SwiftyUI,,false,,0,{},2026-05-19 14:42:09.453391-04:00,2026-05-19 15:52:12.677140-04:00
e1c47609-4ecb-407b-87a3-1cb4c5b91e31,32c486c3-291f-468a-8e05-5b8691dfbe8c,github_repo,ldbtech/privateflikor-,ldbtech/privateflikor-,flikorprivate,false,,0,{},2026-05-19 14:42:09.456375-04:00,2026-05-19 15:52:12.677140-04:00
dbaf553e-ef37-4050-97d0-fab302b2b3b0,32c486c3-291f-468a-8e05-5b8691dfbe8c,github_repo,ldbtech/EternaDwell,ldbtech/EternaDwell,Welcome to EternaDwell run by SkillMingle.com ,false,,0,{},2026-05-19 14:42:09.459206-04:00,2026-05-19 15:52:12.677140-04:00
4a040ade-60aa-4981-8717-573c8eca41c7,32c486c3-291f-468a-8e05-5b8691dfbe8c,github_repo,ldbtech/FaceDetection,ldbtech/FaceDetection,Face Detection (Computer Vision),false,,0,{},2026-05-19 14:42:09.462026-04:00,2026-05-19 15:52:12.677140-04:00
8b603ba7-983e-4782-94fa-19c161b1b56b,32c486c3-291f-468a-8e05-5b8691dfbe8c,github_repo,ldbtech/WeatherForcastingRL,ldbtech/WeatherForcastingRL,This is for predicting Weather using Reinforcement Learning Methods. ,false,,0,{},2026-05-19 14:42:09.464795-04:00,2026-05-19 15:52:12.677140-04:00
afff7e37-b1ea-4354-abda-ec97ffcb44a8,32c486c3-291f-468a-8e05-5b8691dfbe8c,github_repo,ldbtech/ML_review,ldbtech/ML_review,Machine Learning Review,false,,0,{},2026-05-19 14:42:09.467575-04:00,2026-05-19 15:52:12.677140-04:00
6a90c2ad-dbbf-44d4-b7c0-029614cd6016,32c486c3-291f-468a-8e05-5b8691dfbe8c,github_repo,ldbtech/Backend_server,ldbtech/Backend_server,Backend Servers for my portfolio. ,false,,0,{},2026-05-19 14:42:09.470374-04:00,2026-05-19 15:52:12.677140-04:00
a25f0501-de7e-4060-a862-a8ea7b56c992,32c486c3-291f-468a-8e05-5b8691dfbe8c,github_repo,ldbtech/RLgames,ldbtech/RLgames,This folder contains projects involving pygame and reinforcement learning only.,false,,0,{},2026-05-19 14:42:09.473187-04:00,2026-05-19 15:52:12.677140-04:00
8810f93c-a489-4326-8c84-f3a797d9e38f,32c486c3-291f-468a-8e05-5b8691dfbe8c,github_repo,ldbtech/ReinforcementLearning,ldbtech/ReinforcementLearning,This is repo for all projects related to Reinforcement Learning,false,,0,{},2026-05-19 14:42:09.476284-04:00,2026-05-19 15:52:12.677140-04:00
baa57c96-6880-4677-b8ff-7a281a5bfede,32c486c3-291f-468a-8e05-5b8691dfbe8c,github_repo,ldbtech/lab04-gdb,ldbtech/lab04-gdb,Debugging,false,,0,{},2026-05-19 14:42:09.478941-04:00,2026-05-19 15:52:12.677140-04:00
73903090-9b0d-4ef9-9b0f-1337226db835,32c486c3-291f-468a-8e05-5b8691dfbe8c,github_repo,ldbtech/IntroToAI,ldbtech/IntroToAI,Introduction to AI projects,false,,0,{},2026-05-19 14:42:09.481725-04:00,2026-05-19 15:52:12.677140-04:00
bfb6a5d0-ec8a-4506-b535-fc799021d59c,32c486c3-291f-468a-8e05-5b8691dfbe8c,github_repo,ldbtech/CST-150,ldbtech/CST-150,C++ Labs,false,,0,{},2026-05-19 14:42:09.504791-04:00,2026-05-19 15:52:12.677140-04:00
56ce12b4-59a3-49b2-9159-00cc65bdf3f5,32c486c3-291f-468a-8e05-5b8691dfbe8c,github_repo,ldbtech/dnn,ldbtech/dnn,this is neural network project ~ building a lib from scratch for logistic regression neural network ,false,,0,{},2026-05-19 14:42:09.507921-04:00,2026-05-19 15:52:12.677140-04:00
abadab0d-cd70-4236-a4bd-e95ed9aae50c,32c486c3-291f-468a-8e05-5b8691dfbe8c,github_repo,ldbtech/yourBlockChain,ldbtech/yourBlockChain,,false,,0,{},2026-05-19 14:42:09.510609-04:00,2026-05-19 15:52:12.677140-04:00
c52f6c95-c9d1-43b2-a0e5-08fb775d52dd,32c486c3-291f-468a-8e05-5b8691dfbe8c,github_repo,ldbtech/unit1,ldbtech/unit1,,false,,0,{},2026-05-19 14:42:09.513245-04:00,2026-05-19 15:52:12.677140-04:00
e62640b3-f1d7-4e95-920e-ea7641a748de,32c486c3-291f-468a-8e05-5b8691dfbe8c,github_repo,ldbtech/prework-repo,ldbtech/prework-repo,,false,,0,{},2026-05-19 14:42:09.515829-04:00,2026-05-19 15:52:12.677140-04:00
d03b5a20-fe93-4d7d-9ad2-12e49e4fb755,32c486c3-291f-468a-8e05-5b8691dfbe8c,github_repo,TimOgden/Neural-Night-Vision,TimOgden/Neural-Night-Vision,HackBU 2019 Hackathon competition,false,,0,{},2026-05-19 14:42:09.521017-04:00,2026-05-19 15:52:12.677140-04:00
183d91ca-a7d7-41f0-be29-54165692721a,32c486c3-291f-468a-8e05-5b8691dfbe8c,github_repo,ldbtech/Final-Lab-Assembly,ldbtech/Final-Lab-Assembly,Program has three parts using coprocessors to use Real Numbers.,false,,0,{},2026-05-19 14:42:09.523609-04:00,2026-05-19 15:52:12.677140-04:00
dd2359ca-3750-4b9e-bad4-a52f4c09560c,32c486c3-291f-468a-8e05-5b8691dfbe8c,github_repo,ldbtech/fluvio-graph,ldbtech/fluvio-graph,Knowledge Graph for DE ,false,,0,{},2026-05-19 14:42:09.352027-04:00,2026-05-19 15:52:12.677140-04:00
98e4e8e3-2a90-4a69-94ca-19002e070d95,32c486c3-291f-468a-8e05-5b8691dfbe8c,github_repo,ldbtech/vowayage-backend2.0,ldbtech/vowayage-backend2.0,,false,,0,{},2026-05-19 14:42:09.365656-04:00,2026-05-19 15:52:12.677140-04:00
20f2ec08-6333-4a63-9281-93e8cd983359,32c486c3-291f-468a-8e05-5b8691dfbe8c,github_repo,ldbtech/vowayage_mobile,ldbtech/vowayage_mobile,Mobile Dev for Vowayage - SwiftUI,false,,0,{},2026-05-19 14:42:09.369870-04:00,2026-05-19 15:52:12.677140-04:00
94e49ecd-4bcb-4ab4-aaea-be624c1011bc,d01f9c88-b44c-441a-b5d6-d6060a565d9d,notion_page,36689345584e806ca330d24ee4cb8fb0,Page 36689345,,false,,0,{},2026-05-23 20:51:29.626096-04:00,2026-05-23 20:51:42.422620-04:00
bd9afe22-4e38-4188-95a8-f7b6dc035924,d01f9c88-b44c-441a-b5d6-d6060a565d9d,notion_page,36689345584e80ddb012efd04b32e680,Page 36689345,,false,,0,{},2026-05-23 20:51:29.636267-04:00,2026-05-23 20:51:42.422620-04:00
9ec07523-3bd4-4869-ad09-5a9822e46907,9a5aba93-bd1c-4d35-8eb1-7f480acbbf1a,github_repo,ldbtech/vowayage-backend2.0,ldbtech/vowayage-backend2.0,,false,,0,{},2026-05-23 12:50:17.108575-04:00,2026-05-23 22:15:32.791447-04:00
a7c0e540-fa6b-4af1-85fe-e00181247842,9a5aba93-bd1c-4d35-8eb1-7f480acbbf1a,github_repo,ldbtech/IntroToAI,ldbtech/IntroToAI,Introduction to AI projects,false,,0,{},2026-05-23 12:50:17.278634-04:00,2026-05-23 22:15:32.791447-04:00
7fee25a7-d154-4edf-a445-32c519e9344c,856252af-b3d3-43e2-affc-be5669f3c076,notion_page,36689345584e80f0b180c06dfa95f5b4,Welcome to Notion,,false,,0,{},2026-05-24 15:53:56.469580-04:00,2026-05-24 15:53:56.469580-04:00
a2d4e16c-6c52-4bb8-ac78-3ae5926d0ddc,856252af-b3d3-43e2-affc-be5669f3c076,notion_page,36689345584e804db3e0d76a6a4ac52d,Page 36689345,,false,,0,{},2026-05-24 15:53:56.499644-04:00,2026-05-24 15:53:56.499644-04:00
67b66e56-781b-4566-a81e-38aac5e8386c,d4a73a1d-dfc2-41dc-9f73-1716f0a70517,github_repo,ldbtech/lab04-gdb,ldbtech/lab04-gdb,Debugging,false,,0,{},2026-05-24 15:54:12.355314-04:00,2026-05-24 22:58:02.712190-04:00
bc09e373-e127-4612-9451-824e5d694094,856252af-b3d3-43e2-affc-be5669f3c076,notion_page,36689345584e809f8206e196447acfcd,Page 36689345,,false,,0,{},2026-05-24 15:53:56.520273-04:00,2026-05-24 15:53:56.520273-04:00
b7f16698-06c1-426c-b873-0ebd496427dd,d4a73a1d-dfc2-41dc-9f73-1716f0a70517,github_repo,ldbtech/NLP_LSTM,ldbtech/NLP_LSTM,Simple NLP using LSTM Architecture to predict Google Stock market. ,false,,0,{},2026-05-24 15:54:12.362741-04:00,2026-05-24 22:58:02.712190-04:00
88c929d9-d0e9-4e98-abfa-b0c1a9ba184b,32c486c3-291f-468a-8e05-5b8691dfbe8c,github_repo,ldbtech/learnings,ldbtech/learnings,Learning new tech,false,,0,{},2026-05-19 14:42:09.374133-04:00,2026-05-19 15:52:12.677140-04:00
f2f26783-525c-4700-b51b-ed5cef6a32da,32c486c3-291f-468a-8e05-5b8691dfbe8c,github_repo,ldbtech/vowayage_frontend,ldbtech/vowayage_frontend,,false,,0,{},2026-05-19 14:42:09.377603-04:00,2026-05-19 15:52:12.677140-04:00
418555ab-9770-41a0-a6e0-2bb64c7a8a45,01e0c54d-1e4f-4efd-a9b6-fdf7cd559194,database_table,_sqlx_migrations,_sqlx_migrations,Table _sqlx_migrations with 6 columns,true,2026-05-25 00:36:08.079509-04:00,9,{},2026-05-25 00:36:08.073445-04:00,2026-05-25 17:51:43.633539-04:00
1c5841a5-4070-4455-ad3b-a98ab732eea2,01e0c54d-1e4f-4efd-a9b6-fdf7cd559194,database_table,groups,groups,Table groups with 7 columns,true,2026-05-25 00:36:08.084911-04:00,8,{},2026-05-25 00:36:08.081720-04:00,2026-05-25 17:51:43.633539-04:00
15415a6e-50e8-4aa1-a154-0160fdac8619,01e0c54d-1e4f-4efd-a9b6-fdf7cd559194,database_table,group_members,group_members,Table group_members with 6 columns,true,2026-05-25 00:36:08.090325-04:00,13,{},2026-05-25 00:36:08.087533-04:00,2026-05-25 17:51:43.633539-04:00
9099d272-80ff-4177-a05c-cd3d9bc55def,01e0c54d-1e4f-4efd-a9b6-fdf7cd559194,database_table,approval_queue,approval_queue,Table approval_queue with 10 columns,true,2026-05-25 00:36:08.095301-04:00,6,{},2026-05-25 00:36:08.092994-04:00,2026-05-25 17:51:43.633539-04:00
ad6744e4-84f5-4e85-9bef-b84c088612d1,01e0c54d-1e4f-4efd-a9b6-fdf7cd559194,database_table,invites,invites,Table invites with 10 columns,true,2026-05-25 00:36:08.100052-04:00,6,{},2026-05-25 00:36:08.097508-04:00,2026-05-25 17:51:43.633539-04:00
6edf4329-6e19-42e7-bae5-48ec24878a02,01e0c54d-1e4f-4efd-a9b6-fdf7cd559194,database_table,connectors,connectors,Table connectors with 13 columns,true,2026-05-25 00:36:08.112864-04:00,8,{},2026-05-25 00:36:08.107576-04:00,2026-05-25 17:51:43.633539-04:00
23711054-d07f-4e2b-8c5a-0b81c6e345fa,01e0c54d-1e4f-4efd-a9b6-fdf7cd559194,database_table,connector_resources,connector_resources,Table connector_resources with 12 columns,true,2026-05-25 00:36:08.117579-04:00,224,{},2026-05-25 00:36:08.114989-04:00,2026-05-25 17:51:43.633539-04:00
f07ad2f2-ff45-48a2-a67f-66053b2f746d,01e0c54d-1e4f-4efd-a9b6-fdf7cd559194,database_table,workspaces,workspaces,Table workspaces with 5 columns,true,2026-05-25 00:36:08.131645-04:00,1,{},2026-05-25 00:36:08.129593-04:00,2026-05-25 17:51:43.633539-04:00
de68b08f-6444-4a47-853e-a9890f70f42d,32c486c3-291f-468a-8e05-5b8691dfbe8c,github_repo,ldbtech/restaurant_caller_agent_twilio,ldbtech/restaurant_caller_agent_twilio,,false,,0,{},2026-05-19 14:42:09.382068-04:00,2026-05-19 15:52:12.677140-04:00
31f17827-85da-46dc-86bd-61293a5253d4,32c486c3-291f-468a-8e05-5b8691dfbe8c,github_repo,ldbtech/alidaho_portfolio_01,ldbtech/alidaho_portfolio_01,,false,,0,{},2026-05-19 14:42:09.386633-04:00,2026-05-19 15:52:12.677140-04:00
b4ca087a-d3c8-4cdc-8394-b9979feb66d8,32c486c3-291f-468a-8e05-5b8691dfbe8c,github_repo,ldbtech/ldbtech,ldbtech/ldbtech,,false,,0,{},2026-05-19 14:42:09.394955-04:00,2026-05-19 15:52:12.677140-04:00
7fee604f-03ba-4a6c-b2de-af4d1d09666c,9a5aba93-bd1c-4d35-8eb1-7f480acbbf1a,github_repo,ldbtech/learnings,ldbtech/learnings,Learning new tech,false,,0,{},2026-05-23 12:50:17.136138-04:00,2026-05-23 22:15:32.791447-04:00
725d3df7-0952-4a59-9e72-842d907ed696,d4a73a1d-dfc2-41dc-9f73-1716f0a70517,github_repo,ldbtech/vowayage_mobile,ldbtech/vowayage_mobile,Mobile Dev for Vowayage - SwiftUI,false,,0,{},2026-05-24 15:54:12.234438-04:00,2026-05-24 22:58:02.712190-04:00
68dbb40f-378d-44cf-9f90-eb148b40fd1d,d4a73a1d-dfc2-41dc-9f73-1716f0a70517,github_repo,ldbtech/restaurant_caller_agent_twilio,ldbtech/restaurant_caller_agent_twilio,,false,,0,{},2026-05-24 15:54:12.247539-04:00,2026-05-24 22:58:02.712190-04:00
78d942aa-5a62-4067-92bd-e96959488875,d4a73a1d-dfc2-41dc-9f73-1716f0a70517,github_repo,ldbtech/vowayage.com,ldbtech/vowayage.com,,false,,0,{},2026-05-24 15:54:12.262520-04:00,2026-05-24 22:58:02.712190-04:00
ef895f6b-01b7-431a-a2f6-5f02e05c4d41,d01f9c88-b44c-441a-b5d6-d6060a565d9d,notion_page,36689345584e80f0b180c06dfa95f5b4,Welcome to Notion,,false,,0,{},2026-05-23 20:51:29.596023-04:00,2026-05-23 20:51:42.422620-04:00
1e488b77-5181-4c7a-b553-dcfe70f864d4,d01f9c88-b44c-441a-b5d6-d6060a565d9d,notion_page,36689345584e8027b04ad88f55078bfc,Example sub-page,,false,,0,{},2026-05-23 20:51:29.610012-04:00,2026-05-23 20:51:42.422620-04:00
d660dccd-396f-4375-abe1-9a5f2961b3dd,d01f9c88-b44c-441a-b5d6-d6060a565d9d,notion_page,36689345584e809f8206e196447acfcd,Page 36689345,,true,,0,{},2026-05-23 20:51:29.631118-04:00,2026-05-23 20:51:42.422620-04:00
1953203e-cbd3-4ba0-b509-1abec93d53be,d01f9c88-b44c-441a-b5d6-d6060a565d9d,notion_page,36689345584e80608b11f8121319885e,Page 36689345,,true,2026-05-23 20:51:43.597949-04:00,1,{},2026-05-23 20:51:29.620302-04:00,2026-05-23 20:51:43.597949-04:00
42c905da-877f-4d4d-8bb5-e31e385d836e,d01f9c88-b44c-441a-b5d6-d6060a565d9d,notion_page,36689345584e80eb87ebdf42f70b1758,Page 36689345,,true,2026-05-23 20:51:44.096766-04:00,1,{},2026-05-23 20:51:29.641256-04:00,2026-05-23 20:51:44.096766-04:00
73159f86-d3a0-41e4-b623-28ad502f2bf0,9a5aba93-bd1c-4d35-8eb1-7f480acbbf1a,github_repo,ldbtech/unit1,ldbtech/unit1,,false,,0,{},2026-05-23 12:50:17.306721-04:00,2026-05-23 22:15:32.791447-04:00
91ea15c8-c65a-47d5-8ecb-5a19a5da3c68,9a5aba93-bd1c-4d35-8eb1-7f480acbbf1a,github_repo,ldbtech/prework-repo,ldbtech/prework-repo,,false,,0,{},2026-05-23 12:50:17.308968-04:00,2026-05-23 22:15:32.791447-04:00
b52af81b-9f49-46be-a124-e146cba86733,9a5aba93-bd1c-4d35-8eb1-7f480acbbf1a,github_repo,TimOgden/Neural-Night-Vision,TimOgden/Neural-Night-Vision,HackBU 2019 Hackathon competition,false,,0,{},2026-05-23 12:50:17.311263-04:00,2026-05-23 22:15:32.791447-04:00
34050491-ecb3-457e-9333-7d223e55d7d7,9a5aba93-bd1c-4d35-8eb1-7f480acbbf1a,github_repo,ldbtech/Final-Lab-Assembly,ldbtech/Final-Lab-Assembly,Program has three parts using coprocessors to use Real Numbers.,false,,0,{},2026-05-23 12:50:17.313440-04:00,2026-05-23 22:15:32.791447-04:00
71113505-4177-4d5e-86ad-ebee707a691a,32c486c3-291f-468a-8e05-5b8691dfbe8c,github_repo,ldbtech/CSE446,ldbtech/CSE446,,false,,0,{},2026-05-19 14:42:09.484685-04:00,2026-05-19 15:52:12.677140-04:00
8897a9f6-846c-43d7-aa66-e9a0ebcd4af4,32c486c3-291f-468a-8e05-5b8691dfbe8c,github_repo,ldbtech/NLP_LSTM,ldbtech/NLP_LSTM,Simple NLP using LSTM Architecture to predict Google Stock market. ,false,,0,{},2026-05-19 14:42:09.487577-04:00,2026-05-19 15:52:12.677140-04:00
837bedf8-37f7-4280-be3c-a852e8343292,32c486c3-291f-468a-8e05-5b8691dfbe8c,github_repo,ldbtech/SPOTUB,ldbtech/SPOTUB,This project for CSE-442. Project about finding parking lot near by on campus. ,false,,0,{},2026-05-19 14:42:09.490532-04:00,2026-05-19 15:52:12.677140-04:00
e7bd11de-1fc6-4e10-9dfb-f5a3042dc9d4,32c486c3-291f-468a-8e05-5b8691dfbe8c,github_repo,ldbtech/Calculator-NoCondition,ldbtech/Calculator-NoCondition,,false,,0,{},2026-05-19 14:42:09.493158-04:00,2026-05-19 15:52:12.677140-04:00
0001d015-a574-4c5b-9185-9e3c5975f5a7,32c486c3-291f-468a-8e05-5b8691dfbe8c,github_repo,ldbtech/portfolio,ldbtech/portfolio,,false,,0,{},2026-05-19 14:42:09.495936-04:00,2026-05-19 15:52:12.677140-04:00
fbe171a3-d522-49a3-9485-e5b40fafdb0d,32c486c3-291f-468a-8e05-5b8691dfbe8c,github_repo,ldbtech/CryptoPriceReporter,ldbtech/CryptoPriceReporter,App to check crypto for more than 10 fiat currency conversion using real time api. ,false,,0,{},2026-05-19 14:42:09.498659-04:00,2026-05-19 15:52:12.677140-04:00
6469a09e-e252-43f9-8223-f930edb228e3,32c486c3-291f-468a-8e05-5b8691dfbe8c,github_repo,ldbtech/oop_lab1,ldbtech/oop_lab1,,false,,0,{},2026-05-19 14:42:09.501653-04:00,2026-05-19 15:52:12.677140-04:00
9dc46471-0b2c-4955-add9-42d40d7fd3e4,9a5aba93-bd1c-4d35-8eb1-7f480acbbf1a,github_repo,ldbtech/vowayage_backend,ldbtech/vowayage_backend,,true,2026-05-23 22:16:18.658092-04:00,102,{},2026-05-23 12:50:17.186361-04:00,2026-05-23 22:16:18.658092-04:00
dfbd1e3f-1bc9-446f-b5a0-24e969c1fb7f,856252af-b3d3-43e2-affc-be5669f3c076,notion_page,36689345584e800c9557f1cfe534ef72,Page 36689345,,false,,0,{},2026-05-24 15:53:56.483147-04:00,2026-05-24 15:53:56.483147-04:00
c506fb0d-b3d8-4863-83ed-dc935ddaa001,856252af-b3d3-43e2-affc-be5669f3c076,notion_page,36689345584e80608b11f8121319885e,Page 36689345,,false,,0,{},2026-05-24 15:53:56.505364-04:00,2026-05-24 15:53:56.505364-04:00
740a8d1d-d12d-4559-9e28-e6c17b42fd33,856252af-b3d3-43e2-affc-be5669f3c076,notion_page,36689345584e80ddb012efd04b32e680,Page 36689345,,false,,0,{},2026-05-24 15:53:56.525998-04:00,2026-05-24 15:53:56.525998-04:00
57f0d6da-72d1-4f41-bd25-29a7637ffd44,d4a73a1d-dfc2-41dc-9f73-1716f0a70517,github_repo,ldbtech/yelp_dt,ldbtech/yelp_dt,,false,,0,{},2026-05-24 15:54:12.275743-04:00,2026-05-24 22:58:02.712190-04:00
e6af56b4-49a8-4f18-9df7-17544027a486,d4a73a1d-dfc2-41dc-9f73-1716f0a70517,github_repo,ldbtech/varitas_backend,ldbtech/varitas_backend,,false,,0,{},2026-05-24 15:54:12.292848-04:00,2026-05-24 22:58:02.712190-04:00
522d1fc9-5de8-4169-86eb-d251fbde4714,d4a73a1d-dfc2-41dc-9f73-1716f0a70517,github_repo,ldbtech/SmartNeighbors,ldbtech/SmartNeighbors,"Create a platform that allows neighbors to share resources such as tools, equipment, and skills. This platform aims to foster community cooperation, reduce waste, and save costs by enabling users to borrow and lend items locally.",false,,0,{},2026-05-24 15:54:12.304534-04:00,2026-05-24 22:58:02.712190-04:00
14285fcf-bb2f-46a7-b5ac-8dd73b5962b8,52c270fc-b872-4990-bc0b-c721f633ad9a,github_repo,ldbtech/fluvio-graph,ldbtech/fluvio-graph,Knowledge Graph for DE ,false,,0,{},2026-05-23 14:02:12.405355-04:00,2026-05-23 14:02:31.745008-04:00
a09b2aca-11cc-4f9a-b0b8-a84a471b74cf,d4a73a1d-dfc2-41dc-9f73-1716f0a70517,github_repo,ldbtech/frontend-netxtjs,ldbtech/frontend-netxtjs,,false,,0,{},2026-05-24 15:54:12.317161-04:00,2026-05-24 22:58:02.712190-04:00
1e25bc20-fe58-4fb0-8313-7cd4bfb84131,d4a73a1d-dfc2-41dc-9f73-1716f0a70517,github_repo,ldbtech/FlyMe,ldbtech/FlyMe,,false,,0,{},2026-05-24 15:54:12.326964-04:00,2026-05-24 22:58:02.712190-04:00
12d21f4b-784b-44b9-a09e-ac34f74adef9,d4a73a1d-dfc2-41dc-9f73-1716f0a70517,github_repo,ldbtech/EternaDwell,ldbtech/EternaDwell,Welcome to EternaDwell run by SkillMingle.com ,false,,0,{},2026-05-24 15:54:12.334837-04:00,2026-05-24 22:58:02.712190-04:00
7d37b605-6309-4481-9386-9c738149feae,d4a73a1d-dfc2-41dc-9f73-1716f0a70517,github_repo,ldbtech/vowayage_backend,ldbtech/vowayage_backend,,true,2026-05-24 22:58:44.715584-04:00,102,{},2026-05-24 15:54:12.216239-04:00,2026-05-24 22:58:44.715584-04:00
438e67d6-8482-4de1-8397-ddd55c008b21,01e0c54d-1e4f-4efd-a9b6-fdf7cd559194,database_table,team_members,team_members,Table team_members with 5 columns,true,2026-05-25 00:36:08.122732-04:00,2,{},2026-05-25 00:36:08.120160-04:00,2026-05-25 17:51:43.633539-04:00
bcc6c097-2242-49fb-a2bd-65637a1d496c,01e0c54d-1e4f-4efd-a9b6-fdf7cd559194,database_table,team_workflows,team_workflows,Table team_workflows with 8 columns,true,2026-05-25 00:36:08.127678-04:00,0,{},2026-05-25 00:36:08.125010-04:00,2026-05-25 17:51:43.633539-04:00
741d2fda-2084-40af-a1e0-a04fc64a146f,01e0c54d-1e4f-4efd-a9b6-fdf7cd559194,database_table,workspace_shares,workspace_shares,Table workspace_shares with 4 columns,true,2026-05-25 00:36:08.137050-04:00,0,{},2026-05-25 00:36:08.134394-04:00,2026-05-25 17:51:43.633539-04:00
fc642e36-e99b-45f5-971d-805f1c16a63a,01e0c54d-1e4f-4efd-a9b6-fdf7cd559194,database_table,company_invites,company_invites,Table company_invites with 9 columns,true,2026-05-25 00:36:08.146078-04:00,0,{},2026-05-25 00:36:08.144118-04:00,2026-05-25 17:51:43.633539-04:00
ea1b0b90-0abd-4137-a15a-1333554d15b7,01e0c54d-1e4f-4efd-a9b6-fdf7cd559194,database_table,teams,teams,Table teams with 6 columns,true,2026-05-25 00:36:08.150546-04:00,2,{},2026-05-25 00:36:08.148115-04:00,2026-05-25 17:51:43.633539-04:00
430c1fbd-c87c-4c01-a836-c112a4414358,01e0c54d-1e4f-4efd-a9b6-fdf7cd559194,database_table,users,users,Table users with 9 columns,true,2026-05-25 00:36:08.105070-04:00,16,{},2026-05-25 00:29:18.784476-04:00,2026-05-25 17:51:43.633539-04:00
da715ba5-966d-4185-a1fa-402b656acb3c,01e0c54d-1e4f-4efd-a9b6-fdf7cd559194,database_table,companies,companies,Table companies with 9 columns,true,2026-05-25 00:36:08.141683-04:00,4,{},2026-05-25 00:29:18.833977-04:00,2026-05-25 17:51:43.633539-04:00
e38453d9-f962-40dc-9177-4a996d0a7084,9a5aba93-bd1c-4d35-8eb1-7f480acbbf1a,github_repo,ldbtech/vowayage_mobile,ldbtech/vowayage_mobile,Mobile Dev for Vowayage - SwiftUI,false,,0,{},2026-05-23 12:50:17.128799-04:00,2026-05-23 22:15:32.791447-04:00
6705e2a6-5b4b-43ee-a86a-971913eacb51,52c270fc-b872-4990-bc0b-c721f633ad9a,github_repo,ldbtech/vowayage-backend2.0,ldbtech/vowayage-backend2.0,,false,,0,{},2026-05-23 14:02:12.421325-04:00,2026-05-23 14:02:31.745008-04:00
9db856f6-12ee-414b-b48c-458dbbbd22f9,52c270fc-b872-4990-bc0b-c721f633ad9a,github_repo,ldbtech/learnings,ldbtech/learnings,Learning new tech,false,,0,{},2026-05-23 14:02:12.436629-04:00,2026-05-23 14:02:31.745008-04:00
ca9c14b4-7122-41eb-8970-5f8eb6e53fe1,52c270fc-b872-4990-bc0b-c721f633ad9a,github_repo,ldbtech/restaurant_caller_agent_twilio,ldbtech/restaurant_caller_agent_twilio,,false,,0,{},2026-05-23 14:02:12.451655-04:00,2026-05-23 14:02:31.745008-04:00
baf88335-e5f5-498d-8e5c-b06d6f0f708a,52c270fc-b872-4990-bc0b-c721f633ad9a,github_repo,ldbtech/vowayage_backend,ldbtech/vowayage_backend,,false,,0,{},2026-05-23 14:02:12.467613-04:00,2026-05-23 14:02:31.745008-04:00
5e01171b-48ad-440c-b2d9-1391820e6c72,52c270fc-b872-4990-bc0b-c721f633ad9a,github_repo,ldbtech/vowayage.com,ldbtech/vowayage.com,,false,,0,{},2026-05-23 14:02:12.475629-04:00,2026-05-23 14:02:31.745008-04:00
369d7c89-a7b4-438b-a153-d991ac1ca398,52c270fc-b872-4990-bc0b-c721f633ad9a,github_repo,ldbtech/traveling_app,ldbtech/traveling_app,,false,,0,{},2026-05-23 14:02:12.482694-04:00,2026-05-23 14:02:31.745008-04:00
6e9f7924-be93-4b68-b66f-57f52317a0ec,52c270fc-b872-4990-bc0b-c721f633ad9a,github_repo,ldbtech/rust_projects,ldbtech/rust_projects,These are dot...,false,,0,{},2026-05-23 14:02:12.492423-04:00,2026-05-23 14:02:31.745008-04:00
f76980d4-4564-4b9c-9960-14aa1acc253d,52c270fc-b872-4990-bc0b-c721f633ad9a,github_repo,ldbtech/varitas_backend,ldbtech/varitas_backend,,false,,0,{},2026-05-23 14:02:12.499348-04:00,2026-05-23 14:02:31.745008-04:00
a9aab436-dd18-406d-b9f7-259f28abbf46,52c270fc-b872-4990-bc0b-c721f633ad9a,github_repo,ldbtech/my-app,ldbtech/my-app,,false,,0,{},2026-05-23 14:02:12.507751-04:00,2026-05-23 14:02:31.745008-04:00
dda4f294-f54d-4e76-979d-659292b0ffa4,52c270fc-b872-4990-bc0b-c721f633ad9a,github_repo,ldbtech/code-challenges,ldbtech/code-challenges,,false,,0,{},2026-05-23 14:02:12.513273-04:00,2026-05-23 14:02:31.745008-04:00
337e1f32-ee4b-4328-b970-86e4bdea6b0f,52c270fc-b872-4990-bc0b-c721f633ad9a,github_repo,ldbtech/frontend-netxtjs,ldbtech/frontend-netxtjs,,false,,0,{},2026-05-23 14:02:12.519648-04:00,2026-05-23 14:02:31.745008-04:00
c38ecd95-0cb9-4e72-9e09-813ac661d11b,52c270fc-b872-4990-bc0b-c721f633ad9a,github_repo,ldbtech/portoflio-v1,ldbtech/portoflio-v1,Portfolio,false,,0,{},2026-05-23 14:02:12.527654-04:00,2026-05-23 14:02:31.745008-04:00
6253f235-a2fa-45eb-9489-37e5db26957d,52c270fc-b872-4990-bc0b-c721f633ad9a,github_repo,ldbtech/SwiftyUI,ldbtech/SwiftyUI,,false,,0,{},2026-05-23 14:02:12.532675-04:00,2026-05-23 14:02:31.745008-04:00
273cd165-aa4c-4f3c-b3f6-bca31e107272,52c270fc-b872-4990-bc0b-c721f633ad9a,github_repo,ldbtech/EternaDwell,ldbtech/EternaDwell,Welcome to EternaDwell run by SkillMingle.com ,false,,0,{},2026-05-23 14:02:12.539374-04:00,2026-05-23 14:02:31.745008-04:00
87f5be06-6dcc-402a-bfaa-3935a77645fb,52c270fc-b872-4990-bc0b-c721f633ad9a,github_repo,ldbtech/WeatherForcastingRL,ldbtech/WeatherForcastingRL,This is for predicting Weather using Reinforcement Learning Methods. ,false,,0,{},2026-05-23 14:02:12.545109-04:00,2026-05-23 14:02:31.745008-04:00
6c17ff81-4318-4839-93f4-9cdbce055d60,52c270fc-b872-4990-bc0b-c721f633ad9a,github_repo,ldbtech/Backend_server,ldbtech/Backend_server,Backend Servers for my portfolio. ,false,,0,{},2026-05-23 14:02:12.551100-04:00,2026-05-23 14:02:31.745008-04:00
9f60b2c4-b45a-4cbb-980f-dcb7b4aaa759,52c270fc-b872-4990-bc0b-c721f633ad9a,github_repo,ldbtech/vowayage_mobile,ldbtech/vowayage_mobile,Mobile Dev for Vowayage - SwiftUI,false,,0,{},2026-05-23 14:02:12.429532-04:00,2026-05-23 14:02:31.745008-04:00
f7588666-4702-4364-add3-374025a95df8,52c270fc-b872-4990-bc0b-c721f633ad9a,github_repo,ldbtech/vowayage_frontend,ldbtech/vowayage_frontend,,false,,0,{},2026-05-23 14:02:12.444264-04:00,2026-05-23 14:02:31.745008-04:00
2c09486e-57e9-44e1-ab2c-215ec342af93,52c270fc-b872-4990-bc0b-c721f633ad9a,github_repo,ldbtech/alidaho_portfolio_01,ldbtech/alidaho_portfolio_01,,false,,0,{},2026-05-23 14:02:12.460600-04:00,2026-05-23 14:02:31.745008-04:00
03f834ba-ba9e-4e53-b7ba-61150b9520c1,52c270fc-b872-4990-bc0b-c721f633ad9a,github_repo,ldbtech/ldbtech,ldbtech/ldbtech,,false,,0,{},2026-05-23 14:02:12.471260-04:00,2026-05-23 14:02:31.745008-04:00
51a08748-bbc8-40c0-af69-85e958c3b19c,52c270fc-b872-4990-bc0b-c721f633ad9a,github_repo,ldbtech/voyage,ldbtech/voyage,,false,,0,{},2026-05-23 14:02:12.479314-04:00,2026-05-23 14:02:31.745008-04:00
6cc798e2-cccb-4a5a-9576-3c5ea4a760cb,52c270fc-b872-4990-bc0b-c721f633ad9a,github_repo,ldbtech/yelp_dt,ldbtech/yelp_dt,,false,,0,{},2026-05-23 14:02:12.487476-04:00,2026-05-23 14:02:31.745008-04:00
9374fd87-d882-4500-b98b-287c45412e7a,52c270fc-b872-4990-bc0b-c721f633ad9a,github_repo,ldbtech/football_data_analytics,ldbtech/football_data_analytics,,false,,0,{},2026-05-23 14:02:12.496301-04:00,2026-05-23 14:02:31.745008-04:00
33ac40fb-8f06-4a0b-bd47-b3d35ad16c50,52c270fc-b872-4990-bc0b-c721f633ad9a,github_repo,ldbtech/varitasnews,ldbtech/varitasnews,,false,,0,{},2026-05-23 14:02:12.503757-04:00,2026-05-23 14:02:31.745008-04:00
e706dcce-9938-4442-b44f-d5d918782094,52c270fc-b872-4990-bc0b-c721f633ad9a,github_repo,ldbtech/SmartNeighbors,ldbtech/SmartNeighbors,"Create a platform that allows neighbors to share resources such as tools, equipment, and skills. This platform aims to foster community cooperation, reduce waste, and save costs by enabling users to borrow and lend items locally.",false,,0,{},2026-05-23 14:02:12.510538-04:00,2026-05-23 14:02:31.745008-04:00
8681e4c3-58f9-4851-9197-a4c83238caf1,52c270fc-b872-4990-bc0b-c721f633ad9a,github_repo,ldbtech/db-agent,ldbtech/db-agent,SQL ChatBot - Talk to your DB in Natural Language,false,,0,{},2026-05-23 14:02:12.516161-04:00,2026-05-23 14:02:31.745008-04:00
49c6ac59-bb07-4562-af44-97cd81efaccd,52c270fc-b872-4990-bc0b-c721f633ad9a,github_repo,ldbtech/Highgaters,ldbtech/Highgaters,Welcome to highgaters where the combination of an AI driven freelancing ,false,,0,{},2026-05-23 14:02:12.523936-04:00,2026-05-23 14:02:31.745008-04:00
2fc8eae5-ade3-459f-a26b-aef5bf924466,52c270fc-b872-4990-bc0b-c721f633ad9a,github_repo,ldbtech/FlyMe,ldbtech/FlyMe,,false,,0,{},2026-05-23 14:02:12.530397-04:00,2026-05-23 14:02:31.745008-04:00
3068074a-5461-47e5-911c-7777c9d932e0,52c270fc-b872-4990-bc0b-c721f633ad9a,github_repo,ldbtech/privateflikor-,ldbtech/privateflikor-,flikorprivate,false,,0,{},2026-05-23 14:02:12.535613-04:00,2026-05-23 14:02:31.745008-04:00
145d983c-d569-4352-8063-7c1919843312,52c270fc-b872-4990-bc0b-c721f633ad9a,github_repo,ldbtech/FaceDetection,ldbtech/FaceDetection,Face Detection (Computer Vision),false,,0,{},2026-05-23 14:02:12.542604-04:00,2026-05-23 14:02:31.745008-04:00
60755a00-a482-4e1e-a661-261bc8938245,52c270fc-b872-4990-bc0b-c721f633ad9a,github_repo,ldbtech/ML_review,ldbtech/ML_review,Machine Learning Review,false,,0,{},2026-05-23 14:02:12.547980-04:00,2026-05-23 14:02:31.745008-04:00
68c13ecf-5aa6-4cb1-b5dc-de38abfbedbe,52c270fc-b872-4990-bc0b-c721f633ad9a,github_repo,ldbtech/RLgames,ldbtech/RLgames,This folder contains projects involving pygame and reinforcement learning only.,false,,0,{},2026-05-23 14:02:12.555272-04:00,2026-05-23 14:02:31.745008-04:00
ac121766-eecd-452d-809d-496fe829e7ff,52c270fc-b872-4990-bc0b-c721f633ad9a,github_repo,ldbtech/ReinforcementLearning,ldbtech/ReinforcementLearning,This is repo for all projects related to Reinforcement Learning,false,,0,{},2026-05-23 14:02:12.559336-04:00,2026-05-23 14:02:31.745008-04:00
66521425-089e-4a88-88cc-9b1962a009d3,52c270fc-b872-4990-bc0b-c721f633ad9a,github_repo,ldbtech/lab04-gdb,ldbtech/lab04-gdb,Debugging,false,,0,{},2026-05-23 14:02:12.562309-04:00,2026-05-23 14:02:31.745008-04:00
b532de39-277c-46ed-8e8a-0cb131497818,52c270fc-b872-4990-bc0b-c721f633ad9a,github_repo,ldbtech/IntroToAI,ldbtech/IntroToAI,Introduction to AI projects,false,,0,{},2026-05-23 14:02:12.565124-04:00,2026-05-23 14:02:31.745008-04:00
83670a6d-399c-47fd-96e7-f62b81bc6b9a,52c270fc-b872-4990-bc0b-c721f633ad9a,github_repo,ldbtech/CSE446,ldbtech/CSE446,,false,,0,{},2026-05-23 14:02:12.569093-04:00,2026-05-23 14:02:31.745008-04:00
0f04e5e3-7148-45d8-876b-8a591ecc883f,52c270fc-b872-4990-bc0b-c721f633ad9a,github_repo,ldbtech/NLP_LSTM,ldbtech/NLP_LSTM,Simple NLP using LSTM Architecture to predict Google Stock market. ,false,,0,{},2026-05-23 14:02:12.573826-04:00,2026-05-23 14:02:31.745008-04:00
9b9ba747-3060-4166-88c5-dd26ba440a78,52c270fc-b872-4990-bc0b-c721f633ad9a,github_repo,ldbtech/SPOTUB,ldbtech/SPOTUB,This project for CSE-442. Project about finding parking lot near by on campus. ,false,,0,{},2026-05-23 14:02:12.576518-04:00,2026-05-23 14:02:31.745008-04:00
c3665a98-2c25-4870-889a-88bc84645cb8,52c270fc-b872-4990-bc0b-c721f633ad9a,github_repo,ldbtech/Calculator-NoCondition,ldbtech/Calculator-NoCondition,,false,,0,{},2026-05-23 14:02:12.579544-04:00,2026-05-23 14:02:31.745008-04:00
0b65c068-3057-4a8c-8a74-b69aa23eaa3f,52c270fc-b872-4990-bc0b-c721f633ad9a,github_repo,ldbtech/portfolio,ldbtech/portfolio,,false,,0,{},2026-05-23 14:02:12.583406-04:00,2026-05-23 14:02:31.745008-04:00
df289494-acd7-4405-a894-a7ceaa805509,52c270fc-b872-4990-bc0b-c721f633ad9a,github_repo,ldbtech/CryptoPriceReporter,ldbtech/CryptoPriceReporter,App to check crypto for more than 10 fiat currency conversion using real time api. ,false,,0,{},2026-05-23 14:02:12.587186-04:00,2026-05-23 14:02:31.745008-04:00
4b32f864-f2a9-48c7-a505-715970e801ae,52c270fc-b872-4990-bc0b-c721f633ad9a,github_repo,ldbtech/oop_lab1,ldbtech/oop_lab1,,false,,0,{},2026-05-23 14:02:12.591812-04:00,2026-05-23 14:02:31.745008-04:00
405fa481-aa5b-4d06-b2d7-705e5a98d9f2,52c270fc-b872-4990-bc0b-c721f633ad9a,github_repo,ldbtech/CST-150,ldbtech/CST-150,C++ Labs,false,,0,{},2026-05-23 14:02:12.594813-04:00,2026-05-23 14:02:31.745008-04:00
40e19315-f2c1-411d-afaf-a3b069be1d69,52c270fc-b872-4990-bc0b-c721f633ad9a,github_repo,ldbtech/dnn,ldbtech/dnn,this is neural network project ~ building a lib from scratch for logistic regression neural network ,false,,0,{},2026-05-23 14:02:12.597446-04:00,2026-05-23 14:02:31.745008-04:00
e4c15b1c-8159-4518-80c6-a60bfa2c5ccb,52c270fc-b872-4990-bc0b-c721f633ad9a,github_repo,ldbtech/yourBlockChain,ldbtech/yourBlockChain,,false,,0,{},2026-05-23 14:02:12.600417-04:00,2026-05-23 14:02:31.745008-04:00
796dfc01-4d42-4248-991c-88c67d4db074,52c270fc-b872-4990-bc0b-c721f633ad9a,github_repo,ldbtech/unit1,ldbtech/unit1,,false,,0,{},2026-05-23 14:02:12.604054-04:00,2026-05-23 14:02:31.745008-04:00
b629281d-8205-415c-b44e-8e2e4d11766f,52c270fc-b872-4990-bc0b-c721f633ad9a,github_repo,ldbtech/prework-repo,ldbtech/prework-repo,,false,,0,{},2026-05-23 14:02:12.607718-04:00,2026-05-23 14:02:31.745008-04:00
a2cbb9bf-afeb-4963-9e97-54c324b716e3,52c270fc-b872-4990-bc0b-c721f633ad9a,github_repo,ldbtech/Final-Lab-Assembly,ldbtech/Final-Lab-Assembly,Program has three parts using coprocessors to use Real Numbers.,false,,0,{},2026-05-23 14:02:12.612360-04:00,2026-05-23 14:02:31.745008-04:00
d8119a06-ae17-4dfa-9e6f-aafd812806d8,52c270fc-b872-4990-bc0b-c721f633ad9a,github_repo,TimOgden/Neural-Night-Vision,TimOgden/Neural-Night-Vision,HackBU 2019 Hackathon competition,true,2026-05-23 14:03:11.290053-04:00,44,{},2026-05-23 14:02:12.610211-04:00,2026-05-23 14:03:11.290053-04:00
5704426d-4f67-48c5-a56d-9ab069ef411d,9a5aba93-bd1c-4d35-8eb1-7f480acbbf1a,github_repo,ldbtech/restaurant_caller_agent_twilio,ldbtech/restaurant_caller_agent_twilio,,false,,0,{},2026-05-23 12:50:17.171582-04:00,2026-05-23 22:15:32.791447-04:00
11cd0102-d751-4e2f-8891-5497ae98c5ae,9a5aba93-bd1c-4d35-8eb1-7f480acbbf1a,github_repo,ldbtech/alidaho_portfolio_01,ldbtech/alidaho_portfolio_01,,false,,0,{},2026-05-23 12:50:17.178268-04:00,2026-05-23 22:15:32.791447-04:00
135bf675-6d62-45f5-895e-54d182017ba5,9a5aba93-bd1c-4d35-8eb1-7f480acbbf1a,github_repo,ldbtech/vowayage.com,ldbtech/vowayage.com,,false,,0,{},2026-05-23 12:50:17.198524-04:00,2026-05-23 22:15:32.791447-04:00
e7e9ea91-884f-4860-b56b-15df76173961,9a5aba93-bd1c-4d35-8eb1-7f480acbbf1a,github_repo,ldbtech/voyage,ldbtech/voyage,,false,,0,{},2026-05-23 12:50:17.204228-04:00,2026-05-23 22:15:32.791447-04:00
7ce293cf-a631-4a4e-a2b7-94ae3f61755f,9a5aba93-bd1c-4d35-8eb1-7f480acbbf1a,github_repo,ldbtech/traveling_app,ldbtech/traveling_app,,false,,0,{},2026-05-23 12:50:17.209922-04:00,2026-05-23 22:15:32.791447-04:00
b7d06ccb-8b57-4423-839d-f46661bdb563,9a5aba93-bd1c-4d35-8eb1-7f480acbbf1a,github_repo,ldbtech/yelp_dt,ldbtech/yelp_dt,,false,,0,{},2026-05-23 12:50:17.214881-04:00,2026-05-23 22:15:32.791447-04:00
65a213dc-c5d4-45e6-a7f7-dc1f4de4483d,9a5aba93-bd1c-4d35-8eb1-7f480acbbf1a,github_repo,ldbtech/rust_projects,ldbtech/rust_projects,These are dot...,false,,0,{},2026-05-23 12:50:17.217677-04:00,2026-05-23 22:15:32.791447-04:00
eaba5343-3df6-4c71-9a52-5872f9b40024,9a5aba93-bd1c-4d35-8eb1-7f480acbbf1a,github_repo,ldbtech/football_data_analytics,ldbtech/football_data_analytics,,false,,0,{},2026-05-23 12:50:17.226613-04:00,2026-05-23 22:15:32.791447-04:00
d2f6b4e2-474f-4426-88ee-a3d18b3778dc,9a5aba93-bd1c-4d35-8eb1-7f480acbbf1a,github_repo,ldbtech/varitas_backend,ldbtech/varitas_backend,,false,,0,{},2026-05-23 12:50:17.229321-04:00,2026-05-23 22:15:32.791447-04:00
02926bbc-8869-4b7c-a350-d7bdbfcd99ff,9a5aba93-bd1c-4d35-8eb1-7f480acbbf1a,github_repo,ldbtech/varitasnews,ldbtech/varitasnews,,false,,0,{},2026-05-23 12:50:17.231154-04:00,2026-05-23 22:15:32.791447-04:00
cdcdb69b-3ef9-40db-906f-57dd581988cf,9a5aba93-bd1c-4d35-8eb1-7f480acbbf1a,github_repo,ldbtech/my-app,ldbtech/my-app,,false,,0,{},2026-05-23 12:50:17.232950-04:00,2026-05-23 22:15:32.791447-04:00
21172b86-de87-4c77-bddf-0ba5510385b7,9a5aba93-bd1c-4d35-8eb1-7f480acbbf1a,github_repo,ldbtech/SmartNeighbors,ldbtech/SmartNeighbors,"Create a platform that allows neighbors to share resources such as tools, equipment, and skills. This platform aims to foster community cooperation, reduce waste, and save costs by enabling users to borrow and lend items locally.",false,,0,{},2026-05-23 12:50:17.237779-04:00,2026-05-23 22:15:32.791447-04:00
a3ccfbeb-1881-40ed-88e3-a79f01a55176,9a5aba93-bd1c-4d35-8eb1-7f480acbbf1a,github_repo,ldbtech/code-challenges,ldbtech/code-challenges,,false,,0,{},2026-05-23 12:50:17.240250-04:00,2026-05-23 22:15:32.791447-04:00
049e4a8f-0f56-4da6-be00-8a3fcc7a4030,9a5aba93-bd1c-4d35-8eb1-7f480acbbf1a,github_repo,ldbtech/db-agent,ldbtech/db-agent,SQL ChatBot - Talk to your DB in Natural Language,false,,0,{},2026-05-23 12:50:17.242558-04:00,2026-05-23 22:15:32.791447-04:00
e22965ae-0828-486c-8213-75971df704e0,9a5aba93-bd1c-4d35-8eb1-7f480acbbf1a,github_repo,ldbtech/frontend-netxtjs,ldbtech/frontend-netxtjs,,false,,0,{},2026-05-23 12:50:17.245063-04:00,2026-05-23 22:15:32.791447-04:00
68d20c4a-52cd-426f-941b-b7996ecd2c94,9a5aba93-bd1c-4d35-8eb1-7f480acbbf1a,github_repo,ldbtech/Highgaters,ldbtech/Highgaters,Welcome to highgaters where the combination of an AI driven freelancing ,false,,0,{},2026-05-23 12:50:17.247075-04:00,2026-05-23 22:15:32.791447-04:00
3c7d483c-1fb9-4e7e-8e85-e46097e44ee3,9a5aba93-bd1c-4d35-8eb1-7f480acbbf1a,github_repo,ldbtech/portoflio-v1,ldbtech/portoflio-v1,Portfolio,false,,0,{},2026-05-23 12:50:17.249001-04:00,2026-05-23 22:15:32.791447-04:00
146c87ab-1d7a-4747-b72d-28061419530c,9a5aba93-bd1c-4d35-8eb1-7f480acbbf1a,github_repo,ldbtech/FlyMe,ldbtech/FlyMe,,false,,0,{},2026-05-23 12:50:17.252181-04:00,2026-05-23 22:15:32.791447-04:00
648808cf-7a5d-43ab-89ce-479a6c4974a9,9a5aba93-bd1c-4d35-8eb1-7f480acbbf1a,github_repo,ldbtech/SwiftyUI,ldbtech/SwiftyUI,,false,,0,{},2026-05-23 12:50:17.254657-04:00,2026-05-23 22:15:32.791447-04:00
929bfee9-8faf-4f29-9402-59890fd7423b,9a5aba93-bd1c-4d35-8eb1-7f480acbbf1a,github_repo,ldbtech/privateflikor-,ldbtech/privateflikor-,flikorprivate,false,,0,{},2026-05-23 12:50:17.257024-04:00,2026-05-23 22:15:32.791447-04:00
36c927a1-c25b-48b8-8ad7-d6a533ad6303,9a5aba93-bd1c-4d35-8eb1-7f480acbbf1a,github_repo,ldbtech/EternaDwell,ldbtech/EternaDwell,Welcome to EternaDwell run by SkillMingle.com ,false,,0,{},2026-05-23 12:50:17.259698-04:00,2026-05-23 22:15:32.791447-04:00
69f0eca2-c89d-40be-af5b-f5cb519955cf,9a5aba93-bd1c-4d35-8eb1-7f480acbbf1a,github_repo,ldbtech/FaceDetection,ldbtech/FaceDetection,Face Detection (Computer Vision),false,,0,{},2026-05-23 12:50:17.261803-04:00,2026-05-23 22:15:32.791447-04:00
aff48625-56aa-4f87-95b5-347f0864d7fe,9a5aba93-bd1c-4d35-8eb1-7f480acbbf1a,github_repo,ldbtech/WeatherForcastingRL,ldbtech/WeatherForcastingRL,This is for predicting Weather using Reinforcement Learning Methods. ,false,,0,{},2026-05-23 12:50:17.263999-04:00,2026-05-23 22:15:32.791447-04:00
79618ec1-5480-4241-851e-dea05b868845,9a5aba93-bd1c-4d35-8eb1-7f480acbbf1a,github_repo,ldbtech/ML_review,ldbtech/ML_review,Machine Learning Review,false,,0,{},2026-05-23 12:50:17.266311-04:00,2026-05-23 22:15:32.791447-04:00
4df42fc8-137c-4d8b-a4f1-b4a2093124f9,9a5aba93-bd1c-4d35-8eb1-7f480acbbf1a,github_repo,ldbtech/Backend_server,ldbtech/Backend_server,Backend Servers for my portfolio. ,false,,0,{},2026-05-23 12:50:17.268766-04:00,2026-05-23 22:15:32.791447-04:00
ecc6c79d-1ab5-4f4e-bfe5-383383b1fb77,9a5aba93-bd1c-4d35-8eb1-7f480acbbf1a,github_repo,ldbtech/RLgames,ldbtech/RLgames,This folder contains projects involving pygame and reinforcement learning only.,false,,0,{},2026-05-23 12:50:17.271517-04:00,2026-05-23 22:15:32.791447-04:00
4a6fbbb4-2cf3-48c2-a931-26b332ebcc3f,9a5aba93-bd1c-4d35-8eb1-7f480acbbf1a,github_repo,ldbtech/ReinforcementLearning,ldbtech/ReinforcementLearning,This is repo for all projects related to Reinforcement Learning,false,,0,{},2026-05-23 12:50:17.273782-04:00,2026-05-23 22:15:32.791447-04:00
adc663bd-ee04-44db-ac59-4956cc9e7f60,9a5aba93-bd1c-4d35-8eb1-7f480acbbf1a,github_repo,ldbtech/lab04-gdb,ldbtech/lab04-gdb,Debugging,false,,0,{},2026-05-23 12:50:17.276346-04:00,2026-05-23 22:15:32.791447-04:00
9b0825c9-105d-4ed0-9d57-0413ae587e10,9a5aba93-bd1c-4d35-8eb1-7f480acbbf1a,github_repo,ldbtech/CSE446,ldbtech/CSE446,,false,,0,{},2026-05-23 12:50:17.282203-04:00,2026-05-23 22:15:32.791447-04:00
4f6acd80-dc74-4781-ad7c-5371231f0148,9a5aba93-bd1c-4d35-8eb1-7f480acbbf1a,github_repo,ldbtech/NLP_LSTM,ldbtech/NLP_LSTM,Simple NLP using LSTM Architecture to predict Google Stock market. ,false,,0,{},2026-05-23 12:50:17.284645-04:00,2026-05-23 22:15:32.791447-04:00
7495c1b6-faf8-43e5-a5b3-4c09d70a3329,9a5aba93-bd1c-4d35-8eb1-7f480acbbf1a,github_repo,ldbtech/SPOTUB,ldbtech/SPOTUB,This project for CSE-442. Project about finding parking lot near by on campus. ,false,,0,{},2026-05-23 12:50:17.287092-04:00,2026-05-23 22:15:32.791447-04:00
2152ad93-13e6-47b2-a0aa-97dd03ccf314,9a5aba93-bd1c-4d35-8eb1-7f480acbbf1a,github_repo,ldbtech/Calculator-NoCondition,ldbtech/Calculator-NoCondition,,false,,0,{},2026-05-23 12:50:17.289546-04:00,2026-05-23 22:15:32.791447-04:00
ce7c4f31-8522-416d-9b84-e60eae8da4a7,9a5aba93-bd1c-4d35-8eb1-7f480acbbf1a,github_repo,ldbtech/portfolio,ldbtech/portfolio,,false,,0,{},2026-05-23 12:50:17.292144-04:00,2026-05-23 22:15:32.791447-04:00
293dc186-94e7-4a88-954c-45194335123f,9a5aba93-bd1c-4d35-8eb1-7f480acbbf1a,github_repo,ldbtech/CryptoPriceReporter,ldbtech/CryptoPriceReporter,App to check crypto for more than 10 fiat currency conversion using real time api. ,false,,0,{},2026-05-23 12:50:17.294476-04:00,2026-05-23 22:15:32.791447-04:00
1a482fe5-c59d-4d99-ab88-f30243969aaa,9a5aba93-bd1c-4d35-8eb1-7f480acbbf1a,github_repo,ldbtech/oop_lab1,ldbtech/oop_lab1,,false,,0,{},2026-05-23 12:50:17.297190-04:00,2026-05-23 22:15:32.791447-04:00
73c96a7a-6fe6-4032-840f-8e915839ca84,9a5aba93-bd1c-4d35-8eb1-7f480acbbf1a,github_repo,ldbtech/CST-150,ldbtech/CST-150,C++ Labs,false,,0,{},2026-05-23 12:50:17.299470-04:00,2026-05-23 22:15:32.791447-04:00
67d7f136-e202-41d0-a7dd-025739abf515,9a5aba93-bd1c-4d35-8eb1-7f480acbbf1a,github_repo,ldbtech/dnn,ldbtech/dnn,this is neural network project ~ building a lib from scratch for logistic regression neural network ,false,,0,{},2026-05-23 12:50:17.301978-04:00,2026-05-23 22:15:32.791447-04:00
c51abfc2-c4f8-4bde-89a3-b2e3786072de,9a5aba93-bd1c-4d35-8eb1-7f480acbbf1a,github_repo,ldbtech/yourBlockChain,ldbtech/yourBlockChain,,false,,0,{},2026-05-23 12:50:17.304343-04:00,2026-05-23 22:15:32.791447-04:00
69418aa5-23f9-4df4-8d47-1df1a7113888,9a5aba93-bd1c-4d35-8eb1-7f480acbbf1a,github_repo,ldbtech/vowayage_frontend,ldbtech/vowayage_frontend,,true,2026-05-23 22:17:02.703445-04:00,50,{},2026-05-23 12:50:17.162513-04:00,2026-05-23 22:17:02.703445-04:00
344844bd-a1f6-4608-b93f-0d58eb7c37db,d4a73a1d-dfc2-41dc-9f73-1716f0a70517,github_repo,ldbtech/privateflikor-,ldbtech/privateflikor-,flikorprivate,false,,0,{},2026-05-24 15:54:12.332231-04:00,2026-05-24 22:58:02.712190-04:00
002c469c-7d93-487a-9e91-838c3b4f8cc7,d4a73a1d-dfc2-41dc-9f73-1716f0a70517,github_repo,ldbtech/WeatherForcastingRL,ldbtech/WeatherForcastingRL,This is for predicting Weather using Reinforcement Learning Methods. ,false,,0,{},2026-05-24 15:54:12.342381-04:00,2026-05-24 22:58:02.712190-04:00
b91ca59d-1ed0-4e12-b0bb-58b32f5385af,d4a73a1d-dfc2-41dc-9f73-1716f0a70517,github_repo,ldbtech/RLgames,ldbtech/RLgames,This folder contains projects involving pygame and reinforcement learning only.,false,,0,{},2026-05-24 15:54:12.349932-04:00,2026-05-24 22:58:02.712190-04:00
22261576-8946-44f0-86ca-fbb08b5b8563,d4a73a1d-dfc2-41dc-9f73-1716f0a70517,github_repo,ldbtech/IntroToAI,ldbtech/IntroToAI,Introduction to AI projects,false,,0,{},2026-05-24 15:54:12.358183-04:00,2026-05-24 22:58:02.712190-04:00
09b33772-8deb-4241-b537-871b32a0d397,d4a73a1d-dfc2-41dc-9f73-1716f0a70517,github_repo,ldbtech/SPOTUB,ldbtech/SPOTUB,This project for CSE-442. Project about finding parking lot near by on campus. ,false,,0,{},2026-05-24 15:54:12.364942-04:00,2026-05-24 22:58:02.712190-04:00
7cb02e32-9a7e-408d-9aae-7b48aae89b99,d4a73a1d-dfc2-41dc-9f73-1716f0a70517,github_repo,ldbtech/portfolio,ldbtech/portfolio,,false,,0,{},2026-05-24 15:54:12.369648-04:00,2026-05-24 22:58:02.712190-04:00
34f32f43-6977-4a9a-a1a8-79fee4d3d088,d4a73a1d-dfc2-41dc-9f73-1716f0a70517,github_repo,ldbtech/CryptoPriceReporter,ldbtech/CryptoPriceReporter,App to check crypto for more than 10 fiat currency conversion using real time api. ,false,,0,{},2026-05-24 15:54:12.372018-04:00,2026-05-24 22:58:02.712190-04:00
99c9ecb8-75fb-4dba-b4c4-eff74276ae1f,d4a73a1d-dfc2-41dc-9f73-1716f0a70517,github_repo,ldbtech/CST-150,ldbtech/CST-150,C++ Labs,false,,0,{},2026-05-24 15:54:12.376652-04:00,2026-05-24 22:58:02.712190-04:00
a39f31b0-8198-445f-8a11-0ed17abe45db,d4a73a1d-dfc2-41dc-9f73-1716f0a70517,github_repo,ldbtech/dnn,ldbtech/dnn,this is neural network project ~ building a lib from scratch for logistic regression neural network ,false,,0,{},2026-05-24 15:54:12.378968-04:00,2026-05-24 22:58:02.712190-04:00
1d2f59b8-7506-4835-a9fe-fc26cb25ada3,d4a73a1d-dfc2-41dc-9f73-1716f0a70517,github_repo,ldbtech/yourBlockChain,ldbtech/yourBlockChain,,false,,0,{},2026-05-24 15:54:12.381229-04:00,2026-05-24 22:58:02.712190-04:00
6f989e4c-a351-4166-b28d-72218f3f549f,d4a73a1d-dfc2-41dc-9f73-1716f0a70517,github_repo,ldbtech/unit1,ldbtech/unit1,,false,,0,{},2026-05-24 15:54:12.383501-04:00,2026-05-24 22:58:02.712190-04:00
408c2660-ed66-479f-95c2-af47e1e8a667,d4a73a1d-dfc2-41dc-9f73-1716f0a70517,github_repo,ldbtech/prework-repo,ldbtech/prework-repo,,false,,0,{},2026-05-24 15:54:12.386210-04:00,2026-05-24 22:58:02.712190-04:00
5659b7cc-6442-45ba-aa15-c8a935ef6c89,d4a73a1d-dfc2-41dc-9f73-1716f0a70517,github_repo,TimOgden/Neural-Night-Vision,TimOgden/Neural-Night-Vision,HackBU 2019 Hackathon competition,false,,0,{},2026-05-24 15:54:12.390000-04:00,2026-05-24 22:58:02.712190-04:00
a63aa5ea-86f0-4ef5-b944-64989d2a3cc3,d4a73a1d-dfc2-41dc-9f73-1716f0a70517,github_repo,ldbtech/Final-Lab-Assembly,ldbtech/Final-Lab-Assembly,Program has three parts using coprocessors to use Real Numbers.,false,,0,{},2026-05-24 15:54:12.392431-04:00,2026-05-24 22:58:02.712190-04:00
da3d12f7-e2c0-499b-b2db-eb23094ea61e,d4a73a1d-dfc2-41dc-9f73-1716f0a70517,github_repo,ldbtech/voyage,ldbtech/voyage,,false,,0,{},2026-05-24 15:54:12.266311-04:00,2026-05-24 22:58:02.712190-04:00
