id,email,display_name,membership_tier,monthly_membership_fee,created_at
1,joseph.johnson1@voyage-travel.com,Joseph Johnson,bronze,4.99,2024-09-06 20:00:00-04:00
2,mark.rodriguez2@voyage-travel.com,Mark Rodriguez,bronze,4.99,2025-11-22 19:00:00-05:00
3,helen.garcia3@voyage-travel.com,Helen Garcia,bronze,4.99,2024-02-01 19:00:00-05:00
4,patricia.garcia4@voyage-travel.com,Patricia Garcia,none,0.00,2025-05-31 20:00:00-04:00
5,patricia.scott5@voyage-travel.com,Patricia Scott,none,0.00,2025-10-26 20:00:00-04:00
6,helen.clark6@voyage-travel.com,Helen Clark,none,0.00,2025-08-25 20:00:00-04:00
7,emily.smith7@voyage-travel.com,Emily Smith,silver,14.99,2024-06-11 20:00:00-04:00
8,jason.perez8@voyage-travel.com,Jason Perez,none,0.00,2024-08-07 20:00:00-04:00
9,carol.miller9@voyage-travel.com,Carol Miller,none,0.00,2024-04-08 20:00:00-04:00
10,amanda.thompson10@voyage-travel.com,Amanda Thompson,bronze,4.99,2024-02-13 19:00:00-05:00
11,ryan.wright11@voyage-travel.com,Ryan Wright,none,0.00,2025-01-21 19:00:00-05:00
12,david.scott12@voyage-travel.com,David Scott,none,0.00,2025-10-04 20:00:00-04:00
13,george.torres13@voyage-travel.com,George Torres,none,0.00,2024-03-11 20:00:00-04:00
14,jennifer.nelson14@voyage-travel.com,Jennifer Nelson,none,0.00,2024-10-22 20:00:00-04:00
15,david.anderson15@voyage-travel.com,David Anderson,silver,14.99,2025-01-23 19:00:00-05:00
16,emily.robinson16@voyage-travel.com,Emily Robinson,bronze,4.99,2025-01-07 19:00:00-05:00
17,christopher.white17@voyage-travel.com,Christopher White,none,0.00,2025-11-16 19:00:00-05:00
18,paul.hall18@voyage-travel.com,Paul Hall,gold,29.99,2025-10-24 20:00:00-04:00
19,elizabeth.hill19@voyage-travel.com,Elizabeth Hill,bronze,4.99,2025-06-29 20:00:00-04:00
20,ashley.hernandez20@voyage-travel.com,Ashley Hernandez,none,0.00,2024-10-02 20:00:00-04:00
21,anna.anderson21@voyage-travel.com,Anna Anderson,bronze,4.99,2026-02-24 19:00:00-05:00
22,linda.anderson22@voyage-travel.com,Linda Anderson,silver,14.99,2024-11-18 19:00:00-05:00
23,stephanie.moore23@voyage-travel.com,Stephanie Moore,none,0.00,2025-08-02 20:00:00-04:00
24,kenneth.wilson24@voyage-travel.com,Kenneth Wilson,bronze,4.99,2025-02-08 19:00:00-05:00
25,ryan.martinez25@voyage-travel.com,Ryan Martinez,none,0.00,2024-09-08 20:00:00-04:00
26,anna.wright26@voyage-travel.com,Anna Wright,none,0.00,2025-08-20 20:00:00-04:00
27,jason.nguyen27@voyage-travel.com,Jason Nguyen,none,0.00,2024-08-11 20:00:00-04:00
28,sarah.allen28@voyage-travel.com,Sarah Allen,none,0.00,2026-02-11 19:00:00-05:00
29,michael.davis29@voyage-travel.com,Michael Davis,none,0.00,2024-06-11 20:00:00-04:00
30,jason.hill30@voyage-travel.com,Jason Hill,none,0.00,2025-01-24 19:00:00-05:00
31,cynthia.king31@voyage-travel.com,Cynthia King,none,0.00,2025-07-19 20:00:00-04:00
32,mary.baker32@voyage-travel.com,Mary Baker,bronze,4.99,2025-11-28 19:00:00-05:00
33,jonathan.moore33@voyage-travel.com,Jonathan Moore,silver,14.99,2024-12-13 19:00:00-05:00
34,joseph.jackson34@voyage-travel.com,Joseph Jackson,none,0.00,2025-04-08 20:00:00-04:00
35,james.campbell35@voyage-travel.com,James Campbell,silver,14.99,2024-09-25 20:00:00-04:00
36,nicholas.lopez36@voyage-travel.com,Nicholas Lopez,bronze,4.99,2024-04-17 20:00:00-04:00
37,joshua.green37@voyage-travel.com,Joshua Green,bronze,4.99,2024-07-21 20:00:00-04:00
38,karen.white38@voyage-travel.com,Karen White,silver,14.99,2025-07-05 20:00:00-04:00
39,angela.smith39@voyage-travel.com,Angela Smith,bronze,4.99,2025-05-14 20:00:00-04:00
40,john.davis40@voyage-travel.com,John Davis,gold,29.99,2024-11-09 19:00:00-05:00
41,donald.brown41@voyage-travel.com,Donald Brown,none,0.00,2025-08-02 20:00:00-04:00
42,david.garcia42@voyage-travel.com,David Garcia,bronze,4.99,2024-03-10 20:00:00-04:00
43,jonathan.rodriguez43@voyage-travel.com,Jonathan Rodriguez,none,0.00,2025-04-30 20:00:00-04:00
44,stephen.hernandez44@voyage-travel.com,Stephen Hernandez,none,0.00,2025-09-12 20:00:00-04:00
45,jason.wilson45@voyage-travel.com,Jason Wilson,gold,29.99,2026-02-11 19:00:00-05:00
46,betty.rivera46@voyage-travel.com,Betty Rivera,none,0.00,2025-11-17 19:00:00-05:00
47,melissa.lewis47@voyage-travel.com,Melissa Lewis,silver,14.99,2025-04-06 20:00:00-04:00
48,jessica.thomas48@voyage-travel.com,Jessica Thomas,none,0.00,2024-12-11 19:00:00-05:00
49,john.nguyen49@voyage-travel.com,John Nguyen,bronze,4.99,2025-08-24 20:00:00-04:00
50,mark.smith50@voyage-travel.com,Mark Smith,none,0.00,2025-10-07 20:00:00-04:00
51,linda.anderson51@voyage-travel.com,Linda Anderson,none,0.00,2024-02-01 19:00:00-05:00
52,kevin.jones52@voyage-travel.com,Kevin Jones,bronze,4.99,2024-10-11 20:00:00-04:00
53,gary.wilson53@voyage-travel.com,Gary Wilson,bronze,4.99,2026-01-09 19:00:00-05:00
54,jacob.thomas54@voyage-travel.com,Jacob Thomas,silver,14.99,2025-02-19 19:00:00-05:00
55,matthew.miller55@voyage-travel.com,Matthew Miller,none,0.00,2025-03-16 20:00:00-04:00
56,amanda.ramirez56@voyage-travel.com,Amanda Ramirez,none,0.00,2026-01-15 19:00:00-05:00
57,michael.baker57@voyage-travel.com,Michael Baker,bronze,4.99,2025-10-22 20:00:00-04:00
58,richard.brown58@voyage-travel.com,Richard Brown,none,0.00,2024-12-12 19:00:00-05:00
59,susan.thomas59@voyage-travel.com,Susan Thomas,none,0.00,2025-07-02 20:00:00-04:00
60,laura.rodriguez60@voyage-travel.com,Laura Rodriguez,none,0.00,2024-10-11 20:00:00-04:00
61,cynthia.thomas61@voyage-travel.com,Cynthia Thomas,silver,14.99,2024-03-17 20:00:00-04:00
62,jeffrey.scott62@voyage-travel.com,Jeffrey Scott,none,0.00,2025-10-28 20:00:00-04:00
63,helen.smith63@voyage-travel.com,Helen Smith,gold,29.99,2026-02-09 19:00:00-05:00
64,donald.hernandez64@voyage-travel.com,Donald Hernandez,none,0.00,2025-05-06 20:00:00-04:00
65,margaret.sanchez65@voyage-travel.com,Margaret Sanchez,gold,29.99,2024-06-16 20:00:00-04:00
66,edward.smith66@voyage-travel.com,Edward Smith,gold,29.99,2024-09-27 20:00:00-04:00
67,ryan.jackson67@voyage-travel.com,Ryan Jackson,none,0.00,2026-01-17 19:00:00-05:00
68,anna.nelson68@voyage-travel.com,Anna Nelson,bronze,4.99,2024-06-06 20:00:00-04:00
69,matthew.jackson69@voyage-travel.com,Matthew Jackson,none,0.00,2024-02-28 19:00:00-05:00
70,helen.brown70@voyage-travel.com,Helen Brown,bronze,4.99,2024-02-27 19:00:00-05:00
71,michael.nguyen71@voyage-travel.com,Michael Nguyen,none,0.00,2025-06-26 20:00:00-04:00
72,christopher.brown72@voyage-travel.com,Christopher Brown,gold,29.99,2024-03-22 20:00:00-04:00
73,lisa.jones73@voyage-travel.com,Lisa Jones,bronze,4.99,2025-11-21 19:00:00-05:00
74,donald.sanchez74@voyage-travel.com,Donald Sanchez,none,0.00,2025-08-05 20:00:00-04:00
75,ashley.nguyen75@voyage-travel.com,Ashley Nguyen,bronze,4.99,2025-09-25 20:00:00-04:00
76,david.clark76@voyage-travel.com,David Clark,bronze,4.99,2025-07-31 20:00:00-04:00
77,eric.lee77@voyage-travel.com,Eric Lee,gold,29.99,2024-07-27 20:00:00-04:00
78,kenneth.thomas78@voyage-travel.com,Kenneth Thomas,none,0.00,2024-05-13 20:00:00-04:00
79,joshua.robinson79@voyage-travel.com,Joshua Robinson,none,0.00,2026-02-07 19:00:00-05:00
80,elizabeth.smith80@voyage-travel.com,Elizabeth Smith,none,0.00,2025-07-29 20:00:00-04:00
81,richard.jones81@voyage-travel.com,Richard Jones,bronze,4.99,2025-06-01 20:00:00-04:00
82,kimberly.rodriguez82@voyage-travel.com,Kimberly Rodriguez,gold,29.99,2024-03-10 20:00:00-04:00
83,ashley.white83@voyage-travel.com,Ashley White,none,0.00,2025-03-23 20:00:00-04:00
84,helen.rivera84@voyage-travel.com,Helen Rivera,none,0.00,2025-10-30 20:00:00-04:00
85,angela.smith85@voyage-travel.com,Angela Smith,bronze,4.99,2025-07-20 20:00:00-04:00
86,joshua.nelson86@voyage-travel.com,Joshua Nelson,none,0.00,2024-05-16 20:00:00-04:00
87,kimberly.davis87@voyage-travel.com,Kimberly Davis,silver,14.99,2026-01-29 19:00:00-05:00
88,stephen.martinez88@voyage-travel.com,Stephen Martinez,none,0.00,2025-09-10 20:00:00-04:00
89,anthony.rivera89@voyage-travel.com,Anthony Rivera,none,0.00,2025-12-03 19:00:00-05:00
90,kimberly.allen90@voyage-travel.com,Kimberly Allen,none,0.00,2024-02-21 19:00:00-05:00
91,barbara.green91@voyage-travel.com,Barbara Green,none,0.00,2024-10-09 20:00:00-04:00
92,jennifer.smith92@voyage-travel.com,Jennifer Smith,none,0.00,2024-05-12 20:00:00-04:00
93,kimberly.hernandez93@voyage-travel.com,Kimberly Hernandez,bronze,4.99,2025-07-17 20:00:00-04:00
94,jason.scott94@voyage-travel.com,Jason Scott,none,0.00,2024-03-17 20:00:00-04:00
95,karen.wright95@voyage-travel.com,Karen Wright,none,0.00,2025-01-12 19:00:00-05:00
96,stephen.martinez96@voyage-travel.com,Stephen Martinez,none,0.00,2024-02-11 19:00:00-05:00
97,michelle.white97@voyage-travel.com,Michelle White,silver,14.99,2024-02-09 19:00:00-05:00
98,amanda.wilson98@voyage-travel.com,Amanda Wilson,bronze,4.99,2025-11-12 19:00:00-05:00
99,susan.thompson99@voyage-travel.com,Susan Thompson,silver,14.99,2025-02-19 19:00:00-05:00
100,karen.thomas100@voyage-travel.com,Karen Thomas,silver,14.99,2024-06-29 20:00:00-04:00
101,timothy.johnson101@voyage-travel.com,Timothy Johnson,none,0.00,2024-12-05 19:00:00-05:00
102,timothy.nelson102@voyage-travel.com,Timothy Nelson,silver,14.99,2024-09-10 20:00:00-04:00
103,paul.hernandez103@voyage-travel.com,Paul Hernandez,silver,14.99,2024-04-19 20:00:00-04:00
104,edward.williams104@voyage-travel.com,Edward Williams,silver,14.99,2024-08-14 20:00:00-04:00
105,betty.robinson105@voyage-travel.com,Betty Robinson,none,0.00,2024-08-20 20:00:00-04:00
106,mark.johnson106@voyage-travel.com,Mark Johnson,bronze,4.99,2025-02-11 19:00:00-05:00
107,kevin.moore107@voyage-travel.com,Kevin Moore,silver,14.99,2026-03-01 19:00:00-05:00
108,emily.thompson108@voyage-travel.com,Emily Thompson,bronze,4.99,2025-02-12 19:00:00-05:00
109,jonathan.perez109@voyage-travel.com,Jonathan Perez,gold,29.99,2024-04-27 20:00:00-04:00
110,kimberly.lopez110@voyage-travel.com,Kimberly Lopez,bronze,4.99,2024-09-27 20:00:00-04:00
111,robert.miller111@voyage-travel.com,Robert Miller,bronze,4.99,2024-12-18 19:00:00-05:00
112,kenneth.ramirez112@voyage-travel.com,Kenneth Ramirez,bronze,4.99,2025-06-06 20:00:00-04:00
113,joseph.harris113@voyage-travel.com,Joseph Harris,silver,14.99,2024-07-12 20:00:00-04:00
114,steven.williams114@voyage-travel.com,Steven Williams,bronze,4.99,2024-01-01 19:00:00-05:00
115,eric.wright115@voyage-travel.com,Eric Wright,bronze,4.99,2026-01-28 19:00:00-05:00
116,betty.white116@voyage-travel.com,Betty White,none,0.00,2025-11-10 19:00:00-05:00
117,kevin.flores117@voyage-travel.com,Kevin Flores,none,0.00,2024-05-06 20:00:00-04:00
118,joshua.allen118@voyage-travel.com,Joshua Allen,none,0.00,2025-02-21 19:00:00-05:00
119,dorothy.sanchez119@voyage-travel.com,Dorothy Sanchez,bronze,4.99,2025-07-20 20:00:00-04:00
120,thomas.gonzalez120@voyage-travel.com,Thomas Gonzalez,none,0.00,2025-01-22 19:00:00-05:00
121,daniel.flores121@voyage-travel.com,Daniel Flores,bronze,4.99,2025-02-18 19:00:00-05:00
122,stephen.smith122@voyage-travel.com,Stephen Smith,none,0.00,2024-08-02 20:00:00-04:00
123,sharon.nguyen123@voyage-travel.com,Sharon Nguyen,bronze,4.99,2024-11-24 19:00:00-05:00
124,cynthia.lewis124@voyage-travel.com,Cynthia Lewis,none,0.00,2024-08-05 20:00:00-04:00
125,shirley.walker125@voyage-travel.com,Shirley Walker,silver,14.99,2026-01-22 19:00:00-05:00
126,nancy.nelson126@voyage-travel.com,Nancy Nelson,none,0.00,2025-06-10 20:00:00-04:00
127,kevin.garcia127@voyage-travel.com,Kevin Garcia,silver,14.99,2026-02-07 19:00:00-05:00
128,donald.baker128@voyage-travel.com,Donald Baker,none,0.00,2024-07-21 20:00:00-04:00
129,charles.johnson129@voyage-travel.com,Charles Johnson,none,0.00,2025-04-30 20:00:00-04:00
130,elizabeth.robinson130@voyage-travel.com,Elizabeth Robinson,none,0.00,2025-10-05 20:00:00-04:00
131,matthew.rivera131@voyage-travel.com,Matthew Rivera,bronze,4.99,2025-05-20 20:00:00-04:00
132,stephanie.thomas132@voyage-travel.com,Stephanie Thomas,none,0.00,2025-12-04 19:00:00-05:00
133,james.miller133@voyage-travel.com,James Miller,silver,14.99,2024-08-11 20:00:00-04:00
134,daniel.hall134@voyage-travel.com,Daniel Hall,bronze,4.99,2024-02-20 19:00:00-05:00
135,anna.thomas135@voyage-travel.com,Anna Thomas,gold,29.99,2024-05-03 20:00:00-04:00
136,ryan.rodriguez136@voyage-travel.com,Ryan Rodriguez,silver,14.99,2025-11-13 19:00:00-05:00
137,angela.scott137@voyage-travel.com,Angela Scott,bronze,4.99,2026-02-11 19:00:00-05:00
138,jeffrey.flores138@voyage-travel.com,Jeffrey Flores,silver,14.99,2025-05-30 20:00:00-04:00
139,jason.scott139@voyage-travel.com,Jason Scott,none,0.00,2024-06-10 20:00:00-04:00
140,jacob.lewis140@voyage-travel.com,Jacob Lewis,none,0.00,2024-09-09 20:00:00-04:00
141,emily.king141@voyage-travel.com,Emily King,none,0.00,2024-08-31 20:00:00-04:00
142,emily.lewis142@voyage-travel.com,Emily Lewis,none,0.00,2024-10-18 20:00:00-04:00
143,donald.moore143@voyage-travel.com,Donald Moore,none,0.00,2025-07-06 20:00:00-04:00
144,david.rodriguez144@voyage-travel.com,David Rodriguez,none,0.00,2025-01-26 19:00:00-05:00
145,karen.rivera145@voyage-travel.com,Karen Rivera,none,0.00,2025-02-27 19:00:00-05:00
146,timothy.perez146@voyage-travel.com,Timothy Perez,bronze,4.99,2025-02-28 19:00:00-05:00
147,linda.wilson147@voyage-travel.com,Linda Wilson,silver,14.99,2025-02-01 19:00:00-05:00
148,john.torres148@voyage-travel.com,John Torres,none,0.00,2024-01-06 19:00:00-05:00
149,amanda.martin149@voyage-travel.com,Amanda Martin,silver,14.99,2025-03-04 19:00:00-05:00
150,jonathan.mitchell150@voyage-travel.com,Jonathan Mitchell,bronze,4.99,2025-09-08 20:00:00-04:00
151,mark.young151@voyage-travel.com,Mark Young,none,0.00,2025-03-21 20:00:00-04:00
152,gary.johnson152@voyage-travel.com,Gary Johnson,none,0.00,2025-11-14 19:00:00-05:00
153,stephanie.campbell153@voyage-travel.com,Stephanie Campbell,none,0.00,2025-04-22 20:00:00-04:00
154,thomas.flores154@voyage-travel.com,Thomas Flores,bronze,4.99,2025-02-06 19:00:00-05:00
155,patricia.garcia155@voyage-travel.com,Patricia Garcia,bronze,4.99,2024-05-17 20:00:00-04:00
156,cynthia.lopez156@voyage-travel.com,Cynthia Lopez,none,0.00,2025-01-22 19:00:00-05:00
157,dorothy.wilson157@voyage-travel.com,Dorothy Wilson,none,0.00,2024-12-10 19:00:00-05:00
158,edward.moore158@voyage-travel.com,Edward Moore,silver,14.99,2025-03-06 19:00:00-05:00
159,steven.garcia159@voyage-travel.com,Steven Garcia,none,0.00,2026-02-05 19:00:00-05:00
160,helen.brown160@voyage-travel.com,Helen Brown,gold,29.99,2024-12-23 19:00:00-05:00
161,mark.adams161@voyage-travel.com,Mark Adams,none,0.00,2025-10-28 20:00:00-04:00
162,jennifer.johnson162@voyage-travel.com,Jennifer Johnson,gold,29.99,2024-07-22 20:00:00-04:00
163,john.flores163@voyage-travel.com,John Flores,none,0.00,2024-05-08 20:00:00-04:00
164,jacob.nelson164@voyage-travel.com,Jacob Nelson,none,0.00,2024-08-10 20:00:00-04:00
165,cynthia.hall165@voyage-travel.com,Cynthia Hall,none,0.00,2025-01-11 19:00:00-05:00
166,nancy.hill166@voyage-travel.com,Nancy Hill,bronze,4.99,2026-02-03 19:00:00-05:00
167,joseph.hernandez167@voyage-travel.com,Joseph Hernandez,gold,29.99,2024-04-19 20:00:00-04:00
168,patricia.martin168@voyage-travel.com,Patricia Martin,bronze,4.99,2025-01-18 19:00:00-05:00
169,ronald.rivera169@voyage-travel.com,Ronald Rivera,none,0.00,2025-08-28 20:00:00-04:00
170,ashley.miller170@voyage-travel.com,Ashley Miller,bronze,4.99,2024-11-03 19:00:00-05:00
171,jessica.torres171@voyage-travel.com,Jessica Torres,silver,14.99,2024-12-20 19:00:00-05:00
172,jonathan.ramirez172@voyage-travel.com,Jonathan Ramirez,bronze,4.99,2024-03-10 20:00:00-04:00
173,nicholas.adams173@voyage-travel.com,Nicholas Adams,none,0.00,2025-03-05 19:00:00-05:00
174,gary.miller174@voyage-travel.com,Gary Miller,none,0.00,2025-01-04 19:00:00-05:00
175,ryan.rivera175@voyage-travel.com,Ryan Rivera,none,0.00,2024-06-28 20:00:00-04:00
176,eric.adams176@voyage-travel.com,Eric Adams,none,0.00,2025-07-04 20:00:00-04:00
177,kathleen.robinson177@voyage-travel.com,Kathleen Robinson,none,0.00,2026-01-17 19:00:00-05:00
178,paul.lee178@voyage-travel.com,Paul Lee,silver,14.99,2024-03-28 20:00:00-04:00
179,emily.lewis179@voyage-travel.com,Emily Lewis,none,0.00,2025-04-19 20:00:00-04:00
180,edward.perez180@voyage-travel.com,Edward Perez,none,0.00,2024-11-27 19:00:00-05:00
181,lisa.young181@voyage-travel.com,Lisa Young,none,0.00,2024-09-20 20:00:00-04:00
182,carol.moore182@voyage-travel.com,Carol Moore,silver,14.99,2025-12-18 19:00:00-05:00
183,emily.scott183@voyage-travel.com,Emily Scott,none,0.00,2024-07-13 20:00:00-04:00
184,david.thomas184@voyage-travel.com,David Thomas,bronze,4.99,2025-05-14 20:00:00-04:00
185,anna.thomas185@voyage-travel.com,Anna Thomas,bronze,4.99,2025-10-22 20:00:00-04:00
186,gary.lewis186@voyage-travel.com,Gary Lewis,silver,14.99,2024-04-04 20:00:00-04:00
187,donna.anderson187@voyage-travel.com,Donna Anderson,none,0.00,2024-09-05 20:00:00-04:00
188,michelle.nelson188@voyage-travel.com,Michelle Nelson,bronze,4.99,2025-04-28 20:00:00-04:00
189,stephen.king189@voyage-travel.com,Stephen King,none,0.00,2026-02-01 19:00:00-05:00
190,stephen.perez190@voyage-travel.com,Stephen Perez,none,0.00,2025-04-08 20:00:00-04:00
191,paul.martin191@voyage-travel.com,Paul Martin,none,0.00,2024-05-02 20:00:00-04:00
192,matthew.lee192@voyage-travel.com,Matthew Lee,none,0.00,2025-07-01 20:00:00-04:00
193,lisa.gonzalez193@voyage-travel.com,Lisa Gonzalez,none,0.00,2025-05-09 20:00:00-04:00
194,emily.campbell194@voyage-travel.com,Emily Campbell,bronze,4.99,2026-02-16 19:00:00-05:00
195,angela.hill195@voyage-travel.com,Angela Hill,none,0.00,2024-04-11 20:00:00-04:00
196,matthew.jackson196@voyage-travel.com,Matthew Jackson,none,0.00,2024-07-01 20:00:00-04:00
197,joshua.smith197@voyage-travel.com,Joshua Smith,bronze,4.99,2024-05-08 20:00:00-04:00
198,emily.williams198@voyage-travel.com,Emily Williams,gold,29.99,2025-07-19 20:00:00-04:00
199,donna.hall199@voyage-travel.com,Donna Hall,gold,29.99,2025-10-14 20:00:00-04:00
200,gary.miller200@voyage-travel.com,Gary Miller,silver,14.99,2025-08-09 20:00:00-04:00
201,andrew.walker201@voyage-travel.com,Andrew Walker,none,0.00,2024-12-13 19:00:00-05:00
202,lisa.brown202@voyage-travel.com,Lisa Brown,none,0.00,2025-05-03 20:00:00-04:00
203,joseph.jones203@voyage-travel.com,Joseph Jones,none,0.00,2024-03-15 20:00:00-04:00
204,michael.martinez204@voyage-travel.com,Michael Martinez,none,0.00,2025-07-29 20:00:00-04:00
205,joshua.garcia205@voyage-travel.com,Joshua Garcia,gold,29.99,2024-04-30 20:00:00-04:00
206,anna.clark206@voyage-travel.com,Anna Clark,bronze,4.99,2025-09-24 20:00:00-04:00
207,mark.king207@voyage-travel.com,Mark King,none,0.00,2025-03-28 20:00:00-04:00
208,joshua.nguyen208@voyage-travel.com,Joshua Nguyen,gold,29.99,2024-11-07 19:00:00-05:00
209,linda.flores209@voyage-travel.com,Linda Flores,gold,29.99,2024-04-10 20:00:00-04:00
210,anthony.green210@voyage-travel.com,Anthony Green,none,0.00,2025-11-06 19:00:00-05:00
211,david.hernandez211@voyage-travel.com,David Hernandez,none,0.00,2025-07-18 20:00:00-04:00
212,elizabeth.hernandez212@voyage-travel.com,Elizabeth Hernandez,none,0.00,2025-04-05 20:00:00-04:00
213,jacob.jackson213@voyage-travel.com,Jacob Jackson,none,0.00,2024-10-21 20:00:00-04:00
214,andrew.hall214@voyage-travel.com,Andrew Hall,silver,14.99,2024-03-12 20:00:00-04:00
215,sandra.taylor215@voyage-travel.com,Sandra Taylor,silver,14.99,2025-10-01 20:00:00-04:00
216,betty.ramirez216@voyage-travel.com,Betty Ramirez,none,0.00,2024-08-17 20:00:00-04:00
217,karen.moore217@voyage-travel.com,Karen Moore,silver,14.99,2024-03-13 20:00:00-04:00
218,linda.hernandez218@voyage-travel.com,Linda Hernandez,silver,14.99,2025-08-31 20:00:00-04:00
219,andrew.lewis219@voyage-travel.com,Andrew Lewis,none,0.00,2025-12-05 19:00:00-05:00
220,joshua.hall220@voyage-travel.com,Joshua Hall,none,0.00,2024-10-04 20:00:00-04:00
221,nicholas.wright221@voyage-travel.com,Nicholas Wright,none,0.00,2024-03-22 20:00:00-04:00
222,jennifer.ramirez222@voyage-travel.com,Jennifer Ramirez,bronze,4.99,2025-09-09 20:00:00-04:00
223,steven.johnson223@voyage-travel.com,Steven Johnson,none,0.00,2025-11-20 19:00:00-05:00
224,john.baker224@voyage-travel.com,John Baker,silver,14.99,2025-08-12 20:00:00-04:00
225,jennifer.lopez225@voyage-travel.com,Jennifer Lopez,none,0.00,2025-10-28 20:00:00-04:00
226,jeffrey.moore226@voyage-travel.com,Jeffrey Moore,none,0.00,2025-08-21 20:00:00-04:00
227,sharon.green227@voyage-travel.com,Sharon Green,silver,14.99,2024-04-02 20:00:00-04:00
228,jacob.thompson228@voyage-travel.com,Jacob Thompson,none,0.00,2024-11-23 19:00:00-05:00
229,susan.hernandez229@voyage-travel.com,Susan Hernandez,none,0.00,2025-12-10 19:00:00-05:00
230,amy.jackson230@voyage-travel.com,Amy Jackson,bronze,4.99,2025-02-13 19:00:00-05:00
231,stephen.williams231@voyage-travel.com,Stephen Williams,none,0.00,2024-11-17 19:00:00-05:00
232,steven.lee232@voyage-travel.com,Steven Lee,none,0.00,2026-03-01 19:00:00-05:00
233,stephanie.allen233@voyage-travel.com,Stephanie Allen,silver,14.99,2024-01-01 19:00:00-05:00
234,helen.robinson234@voyage-travel.com,Helen Robinson,none,0.00,2024-07-10 20:00:00-04:00
235,eric.white235@voyage-travel.com,Eric White,bronze,4.99,2025-05-24 20:00:00-04:00
236,jeffrey.brown236@voyage-travel.com,Jeffrey Brown,none,0.00,2025-07-15 20:00:00-04:00
237,thomas.jackson237@voyage-travel.com,Thomas Jackson,none,0.00,2025-12-15 19:00:00-05:00
238,gary.davis238@voyage-travel.com,Gary Davis,none,0.00,2025-10-06 20:00:00-04:00
239,donald.rivera239@voyage-travel.com,Donald Rivera,none,0.00,2025-07-17 20:00:00-04:00
240,mary.scott240@voyage-travel.com,Mary Scott,none,0.00,2024-08-17 20:00:00-04:00
241,joseph.robinson241@voyage-travel.com,Joseph Robinson,gold,29.99,2025-10-24 20:00:00-04:00
242,karen.young242@voyage-travel.com,Karen Young,gold,29.99,2024-10-24 20:00:00-04:00
243,shirley.rivera243@voyage-travel.com,Shirley Rivera,none,0.00,2025-05-08 20:00:00-04:00
244,jacob.thomas244@voyage-travel.com,Jacob Thomas,none,0.00,2024-05-27 20:00:00-04:00
245,deborah.gonzalez245@voyage-travel.com,Deborah Gonzalez,gold,29.99,2025-06-03 20:00:00-04:00
246,sarah.jones246@voyage-travel.com,Sarah Jones,none,0.00,2025-02-27 19:00:00-05:00
247,carol.allen247@voyage-travel.com,Carol Allen,none,0.00,2024-01-02 19:00:00-05:00
248,andrew.campbell248@voyage-travel.com,Andrew Campbell,none,0.00,2025-08-23 20:00:00-04:00
249,gary.martinez249@voyage-travel.com,Gary Martinez,none,0.00,2025-05-09 20:00:00-04:00
250,brian.perez250@voyage-travel.com,Brian Perez,bronze,4.99,2025-07-09 20:00:00-04:00
251,edward.robinson251@voyage-travel.com,Edward Robinson,gold,29.99,2024-07-11 20:00:00-04:00
252,donald.torres252@voyage-travel.com,Donald Torres,none,0.00,2026-03-04 19:00:00-05:00
253,timothy.williams253@voyage-travel.com,Timothy Williams,none,0.00,2025-04-28 20:00:00-04:00
254,edward.harris254@voyage-travel.com,Edward Harris,gold,29.99,2025-10-28 20:00:00-04:00
255,karen.young255@voyage-travel.com,Karen Young,gold,29.99,2024-05-08 20:00:00-04:00
256,nicholas.nguyen256@voyage-travel.com,Nicholas Nguyen,none,0.00,2024-04-11 20:00:00-04:00
257,jeffrey.miller257@voyage-travel.com,Jeffrey Miller,bronze,4.99,2025-04-11 20:00:00-04:00
258,mary.campbell258@voyage-travel.com,Mary Campbell,none,0.00,2025-10-31 20:00:00-04:00
259,karen.jones259@voyage-travel.com,Karen Jones,none,0.00,2024-09-27 20:00:00-04:00
260,carol.flores260@voyage-travel.com,Carol Flores,bronze,4.99,2025-10-26 20:00:00-04:00
261,david.perez261@voyage-travel.com,David Perez,silver,14.99,2025-06-29 20:00:00-04:00
262,edward.lee262@voyage-travel.com,Edward Lee,bronze,4.99,2026-02-15 19:00:00-05:00
263,gary.wright263@voyage-travel.com,Gary Wright,none,0.00,2024-03-10 20:00:00-04:00
264,donald.green264@voyage-travel.com,Donald Green,bronze,4.99,2024-10-20 20:00:00-04:00
265,sandra.mitchell265@voyage-travel.com,Sandra Mitchell,none,0.00,2024-04-09 20:00:00-04:00
266,richard.lewis266@voyage-travel.com,Richard Lewis,none,0.00,2024-11-01 20:00:00-04:00
267,patricia.williams267@voyage-travel.com,Patricia Williams,none,0.00,2024-02-26 19:00:00-05:00
268,donna.thompson268@voyage-travel.com,Donna Thompson,none,0.00,2024-05-28 20:00:00-04:00
269,ashley.king269@voyage-travel.com,Ashley King,none,0.00,2025-11-28 19:00:00-05:00
270,lisa.hernandez270@voyage-travel.com,Lisa Hernandez,none,0.00,2025-09-15 20:00:00-04:00
271,edward.flores271@voyage-travel.com,Edward Flores,bronze,4.99,2025-05-23 20:00:00-04:00
272,charles.anderson272@voyage-travel.com,Charles Anderson,none,0.00,2024-09-16 20:00:00-04:00
273,ryan.taylor273@voyage-travel.com,Ryan Taylor,bronze,4.99,2025-04-20 20:00:00-04:00
274,andrew.baker274@voyage-travel.com,Andrew Baker,bronze,4.99,2024-03-15 20:00:00-04:00
275,jeffrey.thompson275@voyage-travel.com,Jeffrey Thompson,gold,29.99,2024-11-01 20:00:00-04:00
276,jason.hall276@voyage-travel.com,Jason Hall,none,0.00,2024-11-04 19:00:00-05:00
277,betty.harris277@voyage-travel.com,Betty Harris,silver,14.99,2024-04-18 20:00:00-04:00
278,donald.harris278@voyage-travel.com,Donald Harris,bronze,4.99,2025-08-10 20:00:00-04:00
279,donna.hall279@voyage-travel.com,Donna Hall,none,0.00,2025-11-04 19:00:00-05:00
280,ronald.moore280@voyage-travel.com,Ronald Moore,none,0.00,2025-12-02 19:00:00-05:00
281,michael.hill281@voyage-travel.com,Michael Hill,bronze,4.99,2024-10-19 20:00:00-04:00
282,sandra.hill282@voyage-travel.com,Sandra Hill,silver,14.99,2024-08-11 20:00:00-04:00
283,matthew.flores283@voyage-travel.com,Matthew Flores,none,0.00,2026-02-11 19:00:00-05:00
284,sarah.green284@voyage-travel.com,Sarah Green,none,0.00,2025-10-03 20:00:00-04:00
285,jennifer.martin285@voyage-travel.com,Jennifer Martin,silver,14.99,2024-02-03 19:00:00-05:00
286,george.campbell286@voyage-travel.com,George Campbell,none,0.00,2024-10-28 20:00:00-04:00
287,dorothy.mitchell287@voyage-travel.com,Dorothy Mitchell,none,0.00,2024-07-23 20:00:00-04:00
288,thomas.wright288@voyage-travel.com,Thomas Wright,silver,14.99,2025-01-08 19:00:00-05:00
289,angela.allen289@voyage-travel.com,Angela Allen,gold,29.99,2024-06-16 20:00:00-04:00
290,steven.walker290@voyage-travel.com,Steven Walker,gold,29.99,2024-10-28 20:00:00-04:00
291,carol.davis291@voyage-travel.com,Carol Davis,none,0.00,2024-03-17 20:00:00-04:00
292,charles.anderson292@voyage-travel.com,Charles Anderson,silver,14.99,2026-01-10 19:00:00-05:00
293,ronald.scott293@voyage-travel.com,Ronald Scott,none,0.00,2025-02-07 19:00:00-05:00
294,mary.taylor294@voyage-travel.com,Mary Taylor,bronze,4.99,2025-04-09 20:00:00-04:00
295,melissa.baker295@voyage-travel.com,Melissa Baker,bronze,4.99,2024-09-24 20:00:00-04:00
296,edward.green296@voyage-travel.com,Edward Green,gold,29.99,2024-04-19 20:00:00-04:00
297,sandra.walker297@voyage-travel.com,Sandra Walker,none,0.00,2025-07-27 20:00:00-04:00
298,dorothy.flores298@voyage-travel.com,Dorothy Flores,none,0.00,2024-03-04 19:00:00-05:00
299,cynthia.hall299@voyage-travel.com,Cynthia Hall,none,0.00,2025-02-21 19:00:00-05:00
300,joseph.rodriguez300@voyage-travel.com,Joseph Rodriguez,none,0.00,2024-02-07 19:00:00-05:00
301,joshua.young301@voyage-travel.com,Joshua Young,none,0.00,2024-08-27 20:00:00-04:00
302,jonathan.rodriguez302@voyage-travel.com,Jonathan Rodriguez,none,0.00,2025-01-13 19:00:00-05:00
303,helen.clark303@voyage-travel.com,Helen Clark,bronze,4.99,2026-01-13 19:00:00-05:00
304,karen.clark304@voyage-travel.com,Karen Clark,bronze,4.99,2025-05-15 20:00:00-04:00
305,timothy.moore305@voyage-travel.com,Timothy Moore,none,0.00,2025-01-13 19:00:00-05:00
306,margaret.lewis306@voyage-travel.com,Margaret Lewis,none,0.00,2024-08-28 20:00:00-04:00
307,george.miller307@voyage-travel.com,George Miller,gold,29.99,2025-01-10 19:00:00-05:00
308,helen.adams308@voyage-travel.com,Helen Adams,none,0.00,2025-02-10 19:00:00-05:00
309,emily.gonzalez309@voyage-travel.com,Emily Gonzalez,gold,29.99,2025-04-09 20:00:00-04:00
310,barbara.nelson310@voyage-travel.com,Barbara Nelson,none,0.00,2025-10-15 20:00:00-04:00
311,john.brown311@voyage-travel.com,John Brown,silver,14.99,2024-09-05 20:00:00-04:00
312,thomas.torres312@voyage-travel.com,Thomas Torres,none,0.00,2026-02-21 19:00:00-05:00
313,stephen.wilson313@voyage-travel.com,Stephen Wilson,bronze,4.99,2024-08-25 20:00:00-04:00
314,kevin.martinez314@voyage-travel.com,Kevin Martinez,silver,14.99,2025-09-01 20:00:00-04:00
315,james.moore315@voyage-travel.com,James Moore,silver,14.99,2024-05-27 20:00:00-04:00
316,thomas.wright316@voyage-travel.com,Thomas Wright,none,0.00,2024-06-26 20:00:00-04:00
317,joseph.nelson317@voyage-travel.com,Joseph Nelson,silver,14.99,2024-05-13 20:00:00-04:00
318,mary.thompson318@voyage-travel.com,Mary Thompson,silver,14.99,2024-08-30 20:00:00-04:00
319,dorothy.johnson319@voyage-travel.com,Dorothy Johnson,none,0.00,2024-02-22 19:00:00-05:00
320,thomas.mitchell320@voyage-travel.com,Thomas Mitchell,none,0.00,2024-04-25 20:00:00-04:00
321,william.walker321@voyage-travel.com,William Walker,none,0.00,2025-01-04 19:00:00-05:00
322,shirley.nguyen322@voyage-travel.com,Shirley Nguyen,none,0.00,2025-05-29 20:00:00-04:00
323,mark.flores323@voyage-travel.com,Mark Flores,none,0.00,2025-11-04 19:00:00-05:00
324,eric.martin324@voyage-travel.com,Eric Martin,none,0.00,2024-01-31 19:00:00-05:00
325,linda.walker325@voyage-travel.com,Linda Walker,silver,14.99,2025-03-11 20:00:00-04:00
326,susan.young326@voyage-travel.com,Susan Young,bronze,4.99,2025-03-29 20:00:00-04:00
327,elizabeth.garcia327@voyage-travel.com,Elizabeth Garcia,none,0.00,2024-05-30 20:00:00-04:00
328,william.rodriguez328@voyage-travel.com,William Rodriguez,none,0.00,2025-10-09 20:00:00-04:00
329,stephen.rivera329@voyage-travel.com,Stephen Rivera,none,0.00,2025-09-02 20:00:00-04:00
330,angela.jackson330@voyage-travel.com,Angela Jackson,none,0.00,2025-09-10 20:00:00-04:00
331,sharon.miller331@voyage-travel.com,Sharon Miller,silver,14.99,2024-04-26 20:00:00-04:00
332,stephen.campbell332@voyage-travel.com,Stephen Campbell,silver,14.99,2025-03-15 20:00:00-04:00
333,laura.anderson333@voyage-travel.com,Laura Anderson,none,0.00,2025-04-08 20:00:00-04:00
334,stephanie.clark334@voyage-travel.com,Stephanie Clark,bronze,4.99,2024-11-15 19:00:00-05:00
335,jason.lee335@voyage-travel.com,Jason Lee,bronze,4.99,2025-01-17 19:00:00-05:00
336,karen.baker336@voyage-travel.com,Karen Baker,gold,29.99,2024-03-08 19:00:00-05:00
337,barbara.garcia337@voyage-travel.com,Barbara Garcia,none,0.00,2024-04-07 20:00:00-04:00
338,melissa.rodriguez338@voyage-travel.com,Melissa Rodriguez,bronze,4.99,2025-08-22 20:00:00-04:00
339,anna.scott339@voyage-travel.com,Anna Scott,none,0.00,2024-05-04 20:00:00-04:00
340,timothy.thompson340@voyage-travel.com,Timothy Thompson,silver,14.99,2026-02-06 19:00:00-05:00
341,jason.campbell341@voyage-travel.com,Jason Campbell,none,0.00,2024-10-20 20:00:00-04:00
342,michelle.thompson342@voyage-travel.com,Michelle Thompson,none,0.00,2025-06-02 20:00:00-04:00
343,margaret.martinez343@voyage-travel.com,Margaret Martinez,bronze,4.99,2024-08-16 20:00:00-04:00
344,susan.thompson344@voyage-travel.com,Susan Thompson,silver,14.99,2025-01-10 19:00:00-05:00
345,joseph.moore345@voyage-travel.com,Joseph Moore,bronze,4.99,2025-03-14 20:00:00-04:00
346,anna.flores346@voyage-travel.com,Anna Flores,bronze,4.99,2025-10-19 20:00:00-04:00
347,anna.johnson347@voyage-travel.com,Anna Johnson,bronze,4.99,2025-11-03 19:00:00-05:00
348,paul.johnson348@voyage-travel.com,Paul Johnson,none,0.00,2025-12-19 19:00:00-05:00
349,michelle.perez349@voyage-travel.com,Michelle Perez,none,0.00,2024-07-03 20:00:00-04:00
350,charles.torres350@voyage-travel.com,Charles Torres,bronze,4.99,2024-03-11 20:00:00-04:00
351,charles.mitchell351@voyage-travel.com,Charles Mitchell,bronze,4.99,2024-01-31 19:00:00-05:00
352,barbara.mitchell352@voyage-travel.com,Barbara Mitchell,bronze,4.99,2025-01-19 19:00:00-05:00
353,rebecca.robinson353@voyage-travel.com,Rebecca Robinson,none,0.00,2025-01-12 19:00:00-05:00
354,michelle.campbell354@voyage-travel.com,Michelle Campbell,none,0.00,2025-08-03 20:00:00-04:00
355,david.brown355@voyage-travel.com,David Brown,none,0.00,2026-02-10 19:00:00-05:00
356,michael.baker356@voyage-travel.com,Michael Baker,none,0.00,2025-03-28 20:00:00-04:00
357,jason.young357@voyage-travel.com,Jason Young,bronze,4.99,2025-02-27 19:00:00-05:00
358,paul.wilson358@voyage-travel.com,Paul Wilson,silver,14.99,2024-04-25 20:00:00-04:00
359,brian.ramirez359@voyage-travel.com,Brian Ramirez,none,0.00,2025-11-24 19:00:00-05:00
360,gary.king360@voyage-travel.com,Gary King,bronze,4.99,2024-02-15 19:00:00-05:00
361,mark.sanchez361@voyage-travel.com,Mark Sanchez,gold,29.99,2024-02-25 19:00:00-05:00
362,james.wilson362@voyage-travel.com,James Wilson,none,0.00,2024-08-03 20:00:00-04:00
363,sarah.taylor363@voyage-travel.com,Sarah Taylor,none,0.00,2024-05-01 20:00:00-04:00
364,james.young364@voyage-travel.com,James Young,bronze,4.99,2024-06-27 20:00:00-04:00
365,thomas.harris365@voyage-travel.com,Thomas Harris,bronze,4.99,2024-08-22 20:00:00-04:00
366,nicholas.scott366@voyage-travel.com,Nicholas Scott,silver,14.99,2024-12-27 19:00:00-05:00
367,elizabeth.sanchez367@voyage-travel.com,Elizabeth Sanchez,silver,14.99,2024-02-12 19:00:00-05:00
368,sharon.johnson368@voyage-travel.com,Sharon Johnson,none,0.00,2024-03-19 20:00:00-04:00
369,kenneth.torres369@voyage-travel.com,Kenneth Torres,none,0.00,2025-02-17 19:00:00-05:00
370,rebecca.jackson370@voyage-travel.com,Rebecca Jackson,none,0.00,2024-01-21 19:00:00-05:00
371,dorothy.hernandez371@voyage-travel.com,Dorothy Hernandez,silver,14.99,2025-09-23 20:00:00-04:00
372,ryan.hall372@voyage-travel.com,Ryan Hall,gold,29.99,2024-03-30 20:00:00-04:00
373,sharon.miller373@voyage-travel.com,Sharon Miller,none,0.00,2025-08-25 20:00:00-04:00
374,stephanie.king374@voyage-travel.com,Stephanie King,none,0.00,2024-11-12 19:00:00-05:00
375,carol.anderson375@voyage-travel.com,Carol Anderson,none,0.00,2024-06-20 20:00:00-04:00
376,elizabeth.allen376@voyage-travel.com,Elizabeth Allen,bronze,4.99,2025-06-26 20:00:00-04:00
377,shirley.gonzalez377@voyage-travel.com,Shirley Gonzalez,gold,29.99,2024-12-22 19:00:00-05:00
378,brian.campbell378@voyage-travel.com,Brian Campbell,gold,29.99,2025-10-21 20:00:00-04:00
379,charles.thomas379@voyage-travel.com,Charles Thomas,none,0.00,2024-09-18 20:00:00-04:00
380,betty.lopez380@voyage-travel.com,Betty Lopez,bronze,4.99,2026-02-16 19:00:00-05:00
381,elizabeth.lopez381@voyage-travel.com,Elizabeth Lopez,gold,29.99,2025-10-04 20:00:00-04:00
382,amy.robinson382@voyage-travel.com,Amy Robinson,silver,14.99,2026-02-16 19:00:00-05:00
383,laura.baker383@voyage-travel.com,Laura Baker,gold,29.99,2025-07-31 20:00:00-04:00
384,dorothy.green384@voyage-travel.com,Dorothy Green,none,0.00,2025-03-25 20:00:00-04:00
385,william.walker385@voyage-travel.com,William Walker,none,0.00,2024-11-05 19:00:00-05:00
386,emily.nguyen386@voyage-travel.com,Emily Nguyen,none,0.00,2025-06-02 20:00:00-04:00
387,elizabeth.martin387@voyage-travel.com,Elizabeth Martin,none,0.00,2024-02-07 19:00:00-05:00
388,linda.white388@voyage-travel.com,Linda White,silver,14.99,2024-03-18 20:00:00-04:00
389,barbara.flores389@voyage-travel.com,Barbara Flores,bronze,4.99,2025-01-27 19:00:00-05:00
390,cynthia.nguyen390@voyage-travel.com,Cynthia Nguyen,bronze,4.99,2026-01-25 19:00:00-05:00
391,jennifer.lewis391@voyage-travel.com,Jennifer Lewis,gold,29.99,2025-08-07 20:00:00-04:00
392,matthew.lee392@voyage-travel.com,Matthew Lee,bronze,4.99,2025-05-27 20:00:00-04:00
393,karen.brown393@voyage-travel.com,Karen Brown,none,0.00,2024-12-16 19:00:00-05:00
394,david.allen394@voyage-travel.com,David Allen,bronze,4.99,2024-02-09 19:00:00-05:00
395,ashley.rivera395@voyage-travel.com,Ashley Rivera,none,0.00,2025-03-24 20:00:00-04:00
396,angela.king396@voyage-travel.com,Angela King,bronze,4.99,2025-01-06 19:00:00-05:00
397,melissa.jackson397@voyage-travel.com,Melissa Jackson,none,0.00,2026-03-03 19:00:00-05:00
398,carol.baker398@voyage-travel.com,Carol Baker,bronze,4.99,2025-10-07 20:00:00-04:00
399,kevin.jones399@voyage-travel.com,Kevin Jones,none,0.00,2025-07-24 20:00:00-04:00
400,deborah.jackson400@voyage-travel.com,Deborah Jackson,none,0.00,2025-11-02 19:00:00-05:00
401,karen.perez401@voyage-travel.com,Karen Perez,none,0.00,2025-11-09 19:00:00-05:00
402,charles.thompson402@voyage-travel.com,Charles Thompson,none,0.00,2025-11-01 20:00:00-04:00
403,ronald.rodriguez403@voyage-travel.com,Ronald Rodriguez,bronze,4.99,2024-03-26 20:00:00-04:00
404,michelle.scott404@voyage-travel.com,Michelle Scott,none,0.00,2024-12-01 19:00:00-05:00
405,thomas.nelson405@voyage-travel.com,Thomas Nelson,bronze,4.99,2026-01-25 19:00:00-05:00
406,angela.garcia406@voyage-travel.com,Angela Garcia,bronze,4.99,2025-03-08 19:00:00-05:00
407,shirley.white407@voyage-travel.com,Shirley White,none,0.00,2024-11-11 19:00:00-05:00
408,lisa.wilson408@voyage-travel.com,Lisa Wilson,none,0.00,2026-02-22 19:00:00-05:00
409,gary.gonzalez409@voyage-travel.com,Gary Gonzalez,none,0.00,2024-05-19 20:00:00-04:00
410,karen.jones410@voyage-travel.com,Karen Jones,none,0.00,2024-04-12 20:00:00-04:00
411,nicholas.wright411@voyage-travel.com,Nicholas Wright,silver,14.99,2025-06-22 20:00:00-04:00
412,robert.nelson412@voyage-travel.com,Robert Nelson,none,0.00,2026-02-22 19:00:00-05:00
413,thomas.hill413@voyage-travel.com,Thomas Hill,none,0.00,2024-06-14 20:00:00-04:00
414,lisa.hall414@voyage-travel.com,Lisa Hall,silver,14.99,2024-06-17 20:00:00-04:00
415,jeffrey.williams415@voyage-travel.com,Jeffrey Williams,none,0.00,2025-11-22 19:00:00-05:00
416,donald.lewis416@voyage-travel.com,Donald Lewis,bronze,4.99,2026-02-08 19:00:00-05:00
417,laura.anderson417@voyage-travel.com,Laura Anderson,bronze,4.99,2024-11-11 19:00:00-05:00
418,jacob.gonzalez418@voyage-travel.com,Jacob Gonzalez,none,0.00,2025-08-06 20:00:00-04:00
419,jeffrey.robinson419@voyage-travel.com,Jeffrey Robinson,silver,14.99,2026-03-06 19:00:00-05:00
420,edward.allen420@voyage-travel.com,Edward Allen,bronze,4.99,2024-06-13 20:00:00-04:00
421,betty.hill421@voyage-travel.com,Betty Hill,none,0.00,2024-09-12 20:00:00-04:00
422,michael.adams422@voyage-travel.com,Michael Adams,none,0.00,2025-01-14 19:00:00-05:00
423,stephen.miller423@voyage-travel.com,Stephen Miller,bronze,4.99,2025-06-11 20:00:00-04:00
424,jessica.jackson424@voyage-travel.com,Jessica Jackson,none,0.00,2024-06-12 20:00:00-04:00
425,paul.lewis425@voyage-travel.com,Paul Lewis,gold,29.99,2024-05-29 20:00:00-04:00
426,sharon.garcia426@voyage-travel.com,Sharon Garcia,gold,29.99,2024-08-14 20:00:00-04:00
427,laura.thompson427@voyage-travel.com,Laura Thompson,gold,29.99,2025-02-27 19:00:00-05:00
428,michael.sanchez428@voyage-travel.com,Michael Sanchez,bronze,4.99,2024-08-28 20:00:00-04:00
429,deborah.garcia429@voyage-travel.com,Deborah Garcia,none,0.00,2024-01-28 19:00:00-05:00
430,kenneth.miller430@voyage-travel.com,Kenneth Miller,silver,14.99,2025-10-26 20:00:00-04:00
431,kevin.martinez431@voyage-travel.com,Kevin Martinez,none,0.00,2024-10-19 20:00:00-04:00
432,jacob.hall432@voyage-travel.com,Jacob Hall,silver,14.99,2026-02-15 19:00:00-05:00
433,jacob.lewis433@voyage-travel.com,Jacob Lewis,bronze,4.99,2024-03-21 20:00:00-04:00
434,john.taylor434@voyage-travel.com,John Taylor,none,0.00,2024-06-01 20:00:00-04:00
435,stephen.campbell435@voyage-travel.com,Stephen Campbell,bronze,4.99,2025-03-08 19:00:00-05:00
436,joseph.jackson436@voyage-travel.com,Joseph Jackson,none,0.00,2024-05-03 20:00:00-04:00
437,michael.thomas437@voyage-travel.com,Michael Thomas,none,0.00,2025-09-28 20:00:00-04:00
438,ryan.jones438@voyage-travel.com,Ryan Jones,none,0.00,2025-05-25 20:00:00-04:00
439,jonathan.johnson439@voyage-travel.com,Jonathan Johnson,bronze,4.99,2025-08-10 20:00:00-04:00
440,donald.rivera440@voyage-travel.com,Donald Rivera,none,0.00,2025-03-14 20:00:00-04:00
441,james.flores441@voyage-travel.com,James Flores,none,0.00,2025-08-06 20:00:00-04:00
442,rebecca.lopez442@voyage-travel.com,Rebecca Lopez,bronze,4.99,2024-03-27 20:00:00-04:00
443,angela.white443@voyage-travel.com,Angela White,none,0.00,2025-06-21 20:00:00-04:00
444,helen.allen444@voyage-travel.com,Helen Allen,silver,14.99,2025-06-02 20:00:00-04:00
445,stephen.johnson445@voyage-travel.com,Stephen Johnson,none,0.00,2025-04-25 20:00:00-04:00
446,jennifer.green446@voyage-travel.com,Jennifer Green,none,0.00,2025-01-16 19:00:00-05:00
447,steven.mitchell447@voyage-travel.com,Steven Mitchell,none,0.00,2024-03-09 19:00:00-05:00
448,brian.thomas448@voyage-travel.com,Brian Thomas,bronze,4.99,2025-10-04 20:00:00-04:00
449,susan.nguyen449@voyage-travel.com,Susan Nguyen,bronze,4.99,2024-12-05 19:00:00-05:00
450,sarah.williams450@voyage-travel.com,Sarah Williams,none,0.00,2024-12-11 19:00:00-05:00
451,daniel.baker451@voyage-travel.com,Daniel Baker,none,0.00,2025-12-12 19:00:00-05:00
452,kathleen.green452@voyage-travel.com,Kathleen Green,none,0.00,2024-05-17 20:00:00-04:00
453,william.rivera453@voyage-travel.com,William Rivera,silver,14.99,2025-04-12 20:00:00-04:00
454,robert.jackson454@voyage-travel.com,Robert Jackson,none,0.00,2024-07-22 20:00:00-04:00
455,jennifer.lee455@voyage-travel.com,Jennifer Lee,gold,29.99,2025-06-10 20:00:00-04:00
456,ronald.wright456@voyage-travel.com,Ronald Wright,none,0.00,2024-02-06 19:00:00-05:00
457,matthew.jackson457@voyage-travel.com,Matthew Jackson,none,0.00,2026-03-09 20:00:00-04:00
458,michael.adams458@voyage-travel.com,Michael Adams,none,0.00,2024-05-06 20:00:00-04:00
459,melissa.ramirez459@voyage-travel.com,Melissa Ramirez,silver,14.99,2026-01-30 19:00:00-05:00
460,jeffrey.harris460@voyage-travel.com,Jeffrey Harris,none,0.00,2024-07-09 20:00:00-04:00
461,amy.hall461@voyage-travel.com,Amy Hall,none,0.00,2025-06-14 20:00:00-04:00
462,paul.garcia462@voyage-travel.com,Paul Garcia,bronze,4.99,2024-03-20 20:00:00-04:00
463,sharon.hill463@voyage-travel.com,Sharon Hill,gold,29.99,2024-07-02 20:00:00-04:00
464,helen.jackson464@voyage-travel.com,Helen Jackson,none,0.00,2024-03-21 20:00:00-04:00
465,dorothy.nelson465@voyage-travel.com,Dorothy Nelson,none,0.00,2025-03-31 20:00:00-04:00
466,jason.hernandez466@voyage-travel.com,Jason Hernandez,bronze,4.99,2024-12-24 19:00:00-05:00
467,laura.williams467@voyage-travel.com,Laura Williams,bronze,4.99,2024-12-26 19:00:00-05:00
468,sharon.moore468@voyage-travel.com,Sharon Moore,bronze,4.99,2024-02-27 19:00:00-05:00
469,elizabeth.nelson469@voyage-travel.com,Elizabeth Nelson,bronze,4.99,2025-01-06 19:00:00-05:00
470,shirley.mitchell470@voyage-travel.com,Shirley Mitchell,bronze,4.99,2024-01-31 19:00:00-05:00
471,charles.hill471@voyage-travel.com,Charles Hill,bronze,4.99,2025-03-23 20:00:00-04:00
472,robert.rodriguez472@voyage-travel.com,Robert Rodriguez,none,0.00,2026-03-07 19:00:00-05:00
473,george.white473@voyage-travel.com,George White,none,0.00,2025-08-02 20:00:00-04:00
474,robert.hill474@voyage-travel.com,Robert Hill,none,0.00,2025-04-04 20:00:00-04:00
475,melissa.white475@voyage-travel.com,Melissa White,none,0.00,2024-03-18 20:00:00-04:00
476,sarah.king476@voyage-travel.com,Sarah King,none,0.00,2024-11-16 19:00:00-05:00
477,emily.thomas477@voyage-travel.com,Emily Thomas,gold,29.99,2024-01-26 19:00:00-05:00
478,lisa.young478@voyage-travel.com,Lisa Young,bronze,4.99,2025-07-28 20:00:00-04:00
479,jessica.taylor479@voyage-travel.com,Jessica Taylor,silver,14.99,2025-12-20 19:00:00-05:00
480,laura.wilson480@voyage-travel.com,Laura Wilson,gold,29.99,2024-10-18 20:00:00-04:00
481,gary.gonzalez481@voyage-travel.com,Gary Gonzalez,none,0.00,2024-03-15 20:00:00-04:00
482,laura.lopez482@voyage-travel.com,Laura Lopez,silver,14.99,2025-03-30 20:00:00-04:00
483,barbara.baker483@voyage-travel.com,Barbara Baker,gold,29.99,2024-11-22 19:00:00-05:00
484,brian.rivera484@voyage-travel.com,Brian Rivera,none,0.00,2025-07-08 20:00:00-04:00
485,donna.martin485@voyage-travel.com,Donna Martin,silver,14.99,2025-12-28 19:00:00-05:00
486,daniel.white486@voyage-travel.com,Daniel White,bronze,4.99,2024-05-03 20:00:00-04:00
487,betty.rodriguez487@voyage-travel.com,Betty Rodriguez,none,0.00,2025-05-19 20:00:00-04:00
488,patricia.white488@voyage-travel.com,Patricia White,bronze,4.99,2025-01-11 19:00:00-05:00
489,cynthia.scott489@voyage-travel.com,Cynthia Scott,none,0.00,2024-03-28 20:00:00-04:00
490,william.martin490@voyage-travel.com,William Martin,none,0.00,2026-01-03 19:00:00-05:00
491,kathleen.king491@voyage-travel.com,Kathleen King,none,0.00,2025-02-22 19:00:00-05:00
492,elizabeth.rodriguez492@voyage-travel.com,Elizabeth Rodriguez,gold,29.99,2025-10-18 20:00:00-04:00
493,elizabeth.lewis493@voyage-travel.com,Elizabeth Lewis,none,0.00,2025-06-12 20:00:00-04:00
494,brian.rodriguez494@voyage-travel.com,Brian Rodriguez,silver,14.99,2026-03-08 20:00:00-04:00
495,stephen.green495@voyage-travel.com,Stephen Green,bronze,4.99,2026-02-24 19:00:00-05:00
496,thomas.ramirez496@voyage-travel.com,Thomas Ramirez,bronze,4.99,2024-02-25 19:00:00-05:00
497,jessica.king497@voyage-travel.com,Jessica King,none,0.00,2024-06-16 20:00:00-04:00
498,christopher.lee498@voyage-travel.com,Christopher Lee,gold,29.99,2024-08-17 20:00:00-04:00
499,brian.king499@voyage-travel.com,Brian King,silver,14.99,2024-03-20 20:00:00-04:00
500,steven.gonzalez500@voyage-travel.com,Steven Gonzalez,bronze,4.99,2025-07-17 20:00:00-04:00
501,emily.rodriguez501@voyage-travel.com,Emily Rodriguez,bronze,4.99,2025-09-20 20:00:00-04:00
502,jonathan.garcia502@voyage-travel.com,Jonathan Garcia,bronze,4.99,2024-06-20 20:00:00-04:00
503,karen.hernandez503@voyage-travel.com,Karen Hernandez,bronze,4.99,2026-01-06 19:00:00-05:00
504,carol.torres504@voyage-travel.com,Carol Torres,none,0.00,2024-01-29 19:00:00-05:00
505,david.williams505@voyage-travel.com,David Williams,gold,29.99,2026-02-27 19:00:00-05:00
506,kimberly.adams506@voyage-travel.com,Kimberly Adams,none,0.00,2025-08-07 20:00:00-04:00
507,rebecca.flores507@voyage-travel.com,Rebecca Flores,bronze,4.99,2025-05-23 20:00:00-04:00
508,helen.jackson508@voyage-travel.com,Helen Jackson,bronze,4.99,2024-11-04 19:00:00-05:00
509,kathleen.thomas509@voyage-travel.com,Kathleen Thomas,silver,14.99,2025-12-01 19:00:00-05:00
510,stephanie.martin510@voyage-travel.com,Stephanie Martin,none,0.00,2025-12-05 19:00:00-05:00
511,linda.hernandez511@voyage-travel.com,Linda Hernandez,none,0.00,2025-05-09 20:00:00-04:00
512,cynthia.wilson512@voyage-travel.com,Cynthia Wilson,none,0.00,2024-05-26 20:00:00-04:00
513,kenneth.rivera513@voyage-travel.com,Kenneth Rivera,none,0.00,2024-12-18 19:00:00-05:00
514,stephanie.rodriguez514@voyage-travel.com,Stephanie Rodriguez,silver,14.99,2025-06-10 20:00:00-04:00
515,anna.miller515@voyage-travel.com,Anna Miller,none,0.00,2025-04-21 20:00:00-04:00
516,jessica.moore516@voyage-travel.com,Jessica Moore,none,0.00,2024-05-23 20:00:00-04:00
517,richard.brown517@voyage-travel.com,Richard Brown,none,0.00,2025-01-27 19:00:00-05:00
518,rebecca.thomas518@voyage-travel.com,Rebecca Thomas,gold,29.99,2024-06-11 20:00:00-04:00
519,dorothy.torres519@voyage-travel.com,Dorothy Torres,bronze,4.99,2024-07-12 20:00:00-04:00
520,christopher.young520@voyage-travel.com,Christopher Young,gold,29.99,2025-04-22 20:00:00-04:00
521,amy.martin521@voyage-travel.com,Amy Martin,none,0.00,2024-04-01 20:00:00-04:00
522,ronald.allen522@voyage-travel.com,Ronald Allen,none,0.00,2024-09-02 20:00:00-04:00
523,margaret.nguyen523@voyage-travel.com,Margaret Nguyen,none,0.00,2024-02-20 19:00:00-05:00
524,andrew.young524@voyage-travel.com,Andrew Young,bronze,4.99,2025-10-30 20:00:00-04:00
525,jacob.jackson525@voyage-travel.com,Jacob Jackson,bronze,4.99,2024-04-19 20:00:00-04:00
526,sharon.rodriguez526@voyage-travel.com,Sharon Rodriguez,silver,14.99,2026-01-13 19:00:00-05:00
527,george.sanchez527@voyage-travel.com,George Sanchez,none,0.00,2025-02-13 19:00:00-05:00
528,michael.torres528@voyage-travel.com,Michael Torres,bronze,4.99,2025-01-05 19:00:00-05:00
529,stephen.jackson529@voyage-travel.com,Stephen Jackson,none,0.00,2025-05-30 20:00:00-04:00
530,laura.scott530@voyage-travel.com,Laura Scott,none,0.00,2025-09-29 20:00:00-04:00
531,jessica.rodriguez531@voyage-travel.com,Jessica Rodriguez,gold,29.99,2025-02-06 19:00:00-05:00
532,melissa.perez532@voyage-travel.com,Melissa Perez,bronze,4.99,2025-01-08 19:00:00-05:00
533,charles.gonzalez533@voyage-travel.com,Charles Gonzalez,bronze,4.99,2025-02-14 19:00:00-05:00
534,nicholas.williams534@voyage-travel.com,Nicholas Williams,none,0.00,2024-05-19 20:00:00-04:00
535,kevin.walker535@voyage-travel.com,Kevin Walker,bronze,4.99,2024-05-31 20:00:00-04:00
536,shirley.rodriguez536@voyage-travel.com,Shirley Rodriguez,none,0.00,2025-09-18 20:00:00-04:00
537,kenneth.hernandez537@voyage-travel.com,Kenneth Hernandez,none,0.00,2025-09-22 20:00:00-04:00
538,joshua.nguyen538@voyage-travel.com,Joshua Nguyen,none,0.00,2025-06-04 20:00:00-04:00
539,jonathan.young539@voyage-travel.com,Jonathan Young,bronze,4.99,2024-11-01 20:00:00-04:00
540,jacob.johnson540@voyage-travel.com,Jacob Johnson,none,0.00,2025-11-19 19:00:00-05:00
541,joseph.clark541@voyage-travel.com,Joseph Clark,bronze,4.99,2026-01-11 19:00:00-05:00
542,patricia.hill542@voyage-travel.com,Patricia Hill,none,0.00,2025-11-01 20:00:00-04:00
543,sandra.campbell543@voyage-travel.com,Sandra Campbell,none,0.00,2025-05-05 20:00:00-04:00
544,nancy.king544@voyage-travel.com,Nancy King,bronze,4.99,2025-09-25 20:00:00-04:00
545,edward.martinez545@voyage-travel.com,Edward Martinez,silver,14.99,2024-09-04 20:00:00-04:00
546,robert.torres546@voyage-travel.com,Robert Torres,gold,29.99,2024-04-21 20:00:00-04:00
547,matthew.johnson547@voyage-travel.com,Matthew Johnson,none,0.00,2025-03-03 19:00:00-05:00
548,karen.clark548@voyage-travel.com,Karen Clark,bronze,4.99,2025-02-23 19:00:00-05:00
549,nicholas.flores549@voyage-travel.com,Nicholas Flores,gold,29.99,2026-01-22 19:00:00-05:00
550,linda.rivera550@voyage-travel.com,Linda Rivera,none,0.00,2024-07-30 20:00:00-04:00
551,anna.lee551@voyage-travel.com,Anna Lee,gold,29.99,2025-05-03 20:00:00-04:00
552,angela.harris552@voyage-travel.com,Angela Harris,none,0.00,2024-06-25 20:00:00-04:00
553,ryan.wright553@voyage-travel.com,Ryan Wright,none,0.00,2024-12-27 19:00:00-05:00
554,kimberly.flores554@voyage-travel.com,Kimberly Flores,none,0.00,2024-09-08 20:00:00-04:00
555,emily.scott555@voyage-travel.com,Emily Scott,none,0.00,2024-10-30 20:00:00-04:00
556,andrew.rivera556@voyage-travel.com,Andrew Rivera,none,0.00,2025-12-21 19:00:00-05:00
557,gary.lee557@voyage-travel.com,Gary Lee,none,0.00,2025-07-26 20:00:00-04:00
558,emily.jackson558@voyage-travel.com,Emily Jackson,none,0.00,2025-11-22 19:00:00-05:00
559,helen.harris559@voyage-travel.com,Helen Harris,silver,14.99,2025-02-07 19:00:00-05:00
560,brian.martinez560@voyage-travel.com,Brian Martinez,none,0.00,2024-10-20 20:00:00-04:00
561,david.thompson561@voyage-travel.com,David Thompson,gold,29.99,2025-11-01 20:00:00-04:00
562,steven.mitchell562@voyage-travel.com,Steven Mitchell,none,0.00,2024-07-24 20:00:00-04:00
563,jonathan.moore563@voyage-travel.com,Jonathan Moore,gold,29.99,2025-12-12 19:00:00-05:00
564,paul.rodriguez564@voyage-travel.com,Paul Rodriguez,none,0.00,2026-01-27 19:00:00-05:00
565,donald.thomas565@voyage-travel.com,Donald Thomas,none,0.00,2025-06-26 20:00:00-04:00
566,mark.green566@voyage-travel.com,Mark Green,none,0.00,2024-04-11 20:00:00-04:00
567,timothy.perez567@voyage-travel.com,Timothy Perez,bronze,4.99,2024-04-11 20:00:00-04:00
568,sarah.smith568@voyage-travel.com,Sarah Smith,gold,29.99,2024-06-09 20:00:00-04:00
569,timothy.adams569@voyage-travel.com,Timothy Adams,gold,29.99,2025-05-01 20:00:00-04:00
570,kathleen.adams570@voyage-travel.com,Kathleen Adams,none,0.00,2024-10-20 20:00:00-04:00
571,dorothy.jackson571@voyage-travel.com,Dorothy Jackson,bronze,4.99,2026-02-25 19:00:00-05:00
572,barbara.adams572@voyage-travel.com,Barbara Adams,bronze,4.99,2025-06-30 20:00:00-04:00
573,robert.lopez573@voyage-travel.com,Robert Lopez,none,0.00,2024-06-28 20:00:00-04:00
574,robert.sanchez574@voyage-travel.com,Robert Sanchez,silver,14.99,2024-07-08 20:00:00-04:00
575,donna.williams575@voyage-travel.com,Donna Williams,none,0.00,2025-08-03 20:00:00-04:00
576,susan.perez576@voyage-travel.com,Susan Perez,none,0.00,2025-10-17 20:00:00-04:00
577,helen.king577@voyage-travel.com,Helen King,none,0.00,2024-05-16 20:00:00-04:00
578,nicholas.robinson578@voyage-travel.com,Nicholas Robinson,none,0.00,2024-04-24 20:00:00-04:00
579,kevin.hernandez579@voyage-travel.com,Kevin Hernandez,bronze,4.99,2025-10-24 20:00:00-04:00
580,steven.rivera580@voyage-travel.com,Steven Rivera,none,0.00,2026-01-23 19:00:00-05:00
581,carol.jackson581@voyage-travel.com,Carol Jackson,bronze,4.99,2026-02-13 19:00:00-05:00
582,matthew.lopez582@voyage-travel.com,Matthew Lopez,bronze,4.99,2025-10-15 20:00:00-04:00
583,stephanie.ramirez583@voyage-travel.com,Stephanie Ramirez,bronze,4.99,2024-03-28 20:00:00-04:00
584,stephanie.nelson584@voyage-travel.com,Stephanie Nelson,none,0.00,2024-05-22 20:00:00-04:00
585,kathleen.lee585@voyage-travel.com,Kathleen Lee,gold,29.99,2024-01-06 19:00:00-05:00
586,kimberly.harris586@voyage-travel.com,Kimberly Harris,none,0.00,2026-02-09 19:00:00-05:00
587,paul.perez587@voyage-travel.com,Paul Perez,none,0.00,2026-01-09 19:00:00-05:00
588,mary.taylor588@voyage-travel.com,Mary Taylor,bronze,4.99,2025-12-09 19:00:00-05:00
589,donald.brown589@voyage-travel.com,Donald Brown,bronze,4.99,2025-04-20 20:00:00-04:00
590,michelle.hernandez590@voyage-travel.com,Michelle Hernandez,none,0.00,2025-05-28 20:00:00-04:00
591,michelle.hall591@voyage-travel.com,Michelle Hall,none,0.00,2024-10-28 20:00:00-04:00
592,melissa.flores592@voyage-travel.com,Melissa Flores,none,0.00,2024-05-15 20:00:00-04:00
593,kathleen.martinez593@voyage-travel.com,Kathleen Martinez,none,0.00,2025-09-11 20:00:00-04:00
594,melissa.clark594@voyage-travel.com,Melissa Clark,bronze,4.99,2025-04-26 20:00:00-04:00
595,jonathan.nelson595@voyage-travel.com,Jonathan Nelson,silver,14.99,2026-02-18 19:00:00-05:00
596,ashley.baker596@voyage-travel.com,Ashley Baker,silver,14.99,2024-03-23 20:00:00-04:00
597,angela.lewis597@voyage-travel.com,Angela Lewis,bronze,4.99,2025-01-04 19:00:00-05:00
598,elizabeth.torres598@voyage-travel.com,Elizabeth Torres,none,0.00,2025-07-13 20:00:00-04:00
599,nicholas.gonzalez599@voyage-travel.com,Nicholas Gonzalez,bronze,4.99,2024-06-01 20:00:00-04:00
600,nancy.lee600@voyage-travel.com,Nancy Lee,silver,14.99,2025-03-27 20:00:00-04:00
601,joseph.baker601@voyage-travel.com,Joseph Baker,none,0.00,2025-08-19 20:00:00-04:00
602,gary.garcia602@voyage-travel.com,Gary Garcia,silver,14.99,2025-03-31 20:00:00-04:00
603,linda.robinson603@voyage-travel.com,Linda Robinson,none,0.00,2025-02-28 19:00:00-05:00
604,ryan.torres604@voyage-travel.com,Ryan Torres,none,0.00,2025-04-17 20:00:00-04:00
605,michelle.campbell605@voyage-travel.com,Michelle Campbell,none,0.00,2024-09-16 20:00:00-04:00
606,james.mitchell606@voyage-travel.com,James Mitchell,none,0.00,2024-03-14 20:00:00-04:00
607,jennifer.ramirez607@voyage-travel.com,Jennifer Ramirez,none,0.00,2024-03-05 19:00:00-05:00
608,helen.brown608@voyage-travel.com,Helen Brown,gold,29.99,2024-03-10 20:00:00-04:00
609,jacob.williams609@voyage-travel.com,Jacob Williams,none,0.00,2024-07-02 20:00:00-04:00
610,sarah.adams610@voyage-travel.com,Sarah Adams,gold,29.99,2025-10-22 20:00:00-04:00
611,rebecca.white611@voyage-travel.com,Rebecca White,gold,29.99,2025-01-25 19:00:00-05:00
612,laura.harris612@voyage-travel.com,Laura Harris,none,0.00,2025-11-29 19:00:00-05:00
613,helen.rodriguez613@voyage-travel.com,Helen Rodriguez,bronze,4.99,2024-12-21 19:00:00-05:00
614,jessica.lopez614@voyage-travel.com,Jessica Lopez,gold,29.99,2025-02-05 19:00:00-05:00
615,angela.rodriguez615@voyage-travel.com,Angela Rodriguez,bronze,4.99,2024-08-15 20:00:00-04:00
616,james.johnson616@voyage-travel.com,James Johnson,gold,29.99,2025-04-18 20:00:00-04:00
617,helen.ramirez617@voyage-travel.com,Helen Ramirez,bronze,4.99,2024-08-22 20:00:00-04:00
618,ashley.robinson618@voyage-travel.com,Ashley Robinson,none,0.00,2024-10-08 20:00:00-04:00
619,matthew.campbell619@voyage-travel.com,Matthew Campbell,silver,14.99,2024-02-01 19:00:00-05:00
620,rebecca.flores620@voyage-travel.com,Rebecca Flores,silver,14.99,2024-01-16 19:00:00-05:00
621,donald.wilson621@voyage-travel.com,Donald Wilson,none,0.00,2025-08-30 20:00:00-04:00
622,robert.lewis622@voyage-travel.com,Robert Lewis,bronze,4.99,2025-12-20 19:00:00-05:00
623,michael.thomas623@voyage-travel.com,Michael Thomas,bronze,4.99,2025-02-14 19:00:00-05:00
624,jeffrey.anderson624@voyage-travel.com,Jeffrey Anderson,bronze,4.99,2026-02-10 19:00:00-05:00
625,linda.rodriguez625@voyage-travel.com,Linda Rodriguez,bronze,4.99,2024-10-22 20:00:00-04:00
626,sandra.campbell626@voyage-travel.com,Sandra Campbell,bronze,4.99,2025-08-13 20:00:00-04:00
627,dorothy.thomas627@voyage-travel.com,Dorothy Thomas,none,0.00,2024-05-25 20:00:00-04:00
628,eric.anderson628@voyage-travel.com,Eric Anderson,none,0.00,2024-10-07 20:00:00-04:00
629,linda.scott629@voyage-travel.com,Linda Scott,gold,29.99,2026-01-21 19:00:00-05:00
630,daniel.green630@voyage-travel.com,Daniel Green,bronze,4.99,2025-07-22 20:00:00-04:00
631,amy.brown631@voyage-travel.com,Amy Brown,gold,29.99,2025-10-19 20:00:00-04:00
632,edward.king632@voyage-travel.com,Edward King,none,0.00,2025-03-01 19:00:00-05:00
633,timothy.martinez633@voyage-travel.com,Timothy Martinez,none,0.00,2024-07-06 20:00:00-04:00
634,jonathan.walker634@voyage-travel.com,Jonathan Walker,none,0.00,2024-08-17 20:00:00-04:00
635,joshua.rivera635@voyage-travel.com,Joshua Rivera,none,0.00,2025-04-18 20:00:00-04:00
636,linda.scott636@voyage-travel.com,Linda Scott,none,0.00,2025-03-01 19:00:00-05:00
637,anna.king637@voyage-travel.com,Anna King,none,0.00,2024-09-04 20:00:00-04:00
638,steven.wilson638@voyage-travel.com,Steven Wilson,none,0.00,2024-03-20 20:00:00-04:00
639,laura.white639@voyage-travel.com,Laura White,none,0.00,2026-01-10 19:00:00-05:00
640,matthew.brown640@voyage-travel.com,Matthew Brown,none,0.00,2025-11-19 19:00:00-05:00
641,jennifer.jones641@voyage-travel.com,Jennifer Jones,none,0.00,2026-02-17 19:00:00-05:00
642,anna.wilson642@voyage-travel.com,Anna Wilson,none,0.00,2024-12-05 19:00:00-05:00
643,joshua.smith643@voyage-travel.com,Joshua Smith,none,0.00,2024-07-12 20:00:00-04:00
644,jessica.mitchell644@voyage-travel.com,Jessica Mitchell,gold,29.99,2025-05-04 20:00:00-04:00
645,ashley.hall645@voyage-travel.com,Ashley Hall,bronze,4.99,2024-07-27 20:00:00-04:00
646,ronald.thomas646@voyage-travel.com,Ronald Thomas,bronze,4.99,2026-03-04 19:00:00-05:00
647,andrew.harris647@voyage-travel.com,Andrew Harris,none,0.00,2025-10-25 20:00:00-04:00
648,amanda.martin648@voyage-travel.com,Amanda Martin,none,0.00,2025-06-08 20:00:00-04:00
649,amy.robinson649@voyage-travel.com,Amy Robinson,none,0.00,2026-01-08 19:00:00-05:00
650,jacob.lee650@voyage-travel.com,Jacob Lee,gold,29.99,2025-01-13 19:00:00-05:00
651,kenneth.clark651@voyage-travel.com,Kenneth Clark,none,0.00,2024-08-13 20:00:00-04:00
652,charles.johnson652@voyage-travel.com,Charles Johnson,none,0.00,2025-08-20 20:00:00-04:00
653,rebecca.jackson653@voyage-travel.com,Rebecca Jackson,none,0.00,2024-12-02 19:00:00-05:00
654,sandra.harris654@voyage-travel.com,Sandra Harris,bronze,4.99,2024-09-07 20:00:00-04:00
655,amy.scott655@voyage-travel.com,Amy Scott,bronze,4.99,2025-12-01 19:00:00-05:00
656,carol.taylor656@voyage-travel.com,Carol Taylor,silver,14.99,2025-05-14 20:00:00-04:00
657,gary.robinson657@voyage-travel.com,Gary Robinson,none,0.00,2024-12-25 19:00:00-05:00
658,nancy.rodriguez658@voyage-travel.com,Nancy Rodriguez,bronze,4.99,2025-05-14 20:00:00-04:00
659,lisa.wright659@voyage-travel.com,Lisa Wright,gold,29.99,2024-02-29 19:00:00-05:00
660,angela.williams660@voyage-travel.com,Angela Williams,silver,14.99,2024-03-16 20:00:00-04:00
661,michael.smith661@voyage-travel.com,Michael Smith,none,0.00,2025-10-06 20:00:00-04:00
662,sandra.jones662@voyage-travel.com,Sandra Jones,bronze,4.99,2024-01-09 19:00:00-05:00
663,margaret.allen663@voyage-travel.com,Margaret Allen,none,0.00,2024-03-01 19:00:00-05:00
664,kathleen.nelson664@voyage-travel.com,Kathleen Nelson,none,0.00,2024-01-06 19:00:00-05:00
665,jonathan.scott665@voyage-travel.com,Jonathan Scott,none,0.00,2024-01-17 19:00:00-05:00
666,angela.campbell666@voyage-travel.com,Angela Campbell,none,0.00,2024-10-19 20:00:00-04:00
667,john.allen667@voyage-travel.com,John Allen,silver,14.99,2025-11-20 19:00:00-05:00
668,sharon.lopez668@voyage-travel.com,Sharon Lopez,none,0.00,2024-04-07 20:00:00-04:00
669,angela.martinez669@voyage-travel.com,Angela Martinez,none,0.00,2025-09-25 20:00:00-04:00
670,angela.taylor670@voyage-travel.com,Angela Taylor,silver,14.99,2024-09-29 20:00:00-04:00
671,ronald.garcia671@voyage-travel.com,Ronald Garcia,none,0.00,2025-02-18 19:00:00-05:00
672,ryan.torres672@voyage-travel.com,Ryan Torres,none,0.00,2025-12-13 19:00:00-05:00
673,mark.martin673@voyage-travel.com,Mark Martin,bronze,4.99,2024-03-22 20:00:00-04:00
674,robert.garcia674@voyage-travel.com,Robert Garcia,none,0.00,2025-01-20 19:00:00-05:00
675,stephen.walker675@voyage-travel.com,Stephen Walker,none,0.00,2024-01-09 19:00:00-05:00
676,nancy.garcia676@voyage-travel.com,Nancy Garcia,none,0.00,2025-03-19 20:00:00-04:00
677,kevin.torres677@voyage-travel.com,Kevin Torres,gold,29.99,2024-04-06 20:00:00-04:00
678,angela.williams678@voyage-travel.com,Angela Williams,none,0.00,2025-12-08 19:00:00-05:00
679,jacob.moore679@voyage-travel.com,Jacob Moore,none,0.00,2024-03-16 20:00:00-04:00
680,emily.wright680@voyage-travel.com,Emily Wright,bronze,4.99,2024-02-02 19:00:00-05:00
681,daniel.lee681@voyage-travel.com,Daniel Lee,none,0.00,2024-07-30 20:00:00-04:00
682,charles.rivera682@voyage-travel.com,Charles Rivera,silver,14.99,2024-03-18 20:00:00-04:00
683,joshua.hernandez683@voyage-travel.com,Joshua Hernandez,bronze,4.99,2025-08-02 20:00:00-04:00
684,deborah.baker684@voyage-travel.com,Deborah Baker,silver,14.99,2024-12-04 19:00:00-05:00
685,deborah.mitchell685@voyage-travel.com,Deborah Mitchell,none,0.00,2025-12-05 19:00:00-05:00
686,david.allen686@voyage-travel.com,David Allen,bronze,4.99,2024-12-19 19:00:00-05:00
687,michael.miller687@voyage-travel.com,Michael Miller,none,0.00,2024-03-17 20:00:00-04:00
688,carol.hill688@voyage-travel.com,Carol Hill,silver,14.99,2025-08-31 20:00:00-04:00
689,ronald.lee689@voyage-travel.com,Ronald Lee,none,0.00,2024-10-05 20:00:00-04:00
690,laura.young690@voyage-travel.com,Laura Young,none,0.00,2025-07-19 20:00:00-04:00
691,edward.ramirez691@voyage-travel.com,Edward Ramirez,none,0.00,2025-08-21 20:00:00-04:00
692,edward.garcia692@voyage-travel.com,Edward Garcia,silver,14.99,2024-10-28 20:00:00-04:00
693,ashley.rivera693@voyage-travel.com,Ashley Rivera,none,0.00,2024-09-30 20:00:00-04:00
694,karen.harris694@voyage-travel.com,Karen Harris,bronze,4.99,2025-10-10 20:00:00-04:00
695,karen.mitchell695@voyage-travel.com,Karen Mitchell,none,0.00,2025-01-03 19:00:00-05:00
696,susan.garcia696@voyage-travel.com,Susan Garcia,none,0.00,2024-11-10 19:00:00-05:00
697,jeffrey.white697@voyage-travel.com,Jeffrey White,silver,14.99,2024-04-13 20:00:00-04:00
698,thomas.garcia698@voyage-travel.com,Thomas Garcia,none,0.00,2025-04-03 20:00:00-04:00
699,anna.scott699@voyage-travel.com,Anna Scott,bronze,4.99,2024-04-14 20:00:00-04:00
700,patricia.garcia700@voyage-travel.com,Patricia Garcia,none,0.00,2024-04-04 20:00:00-04:00
701,dorothy.harris701@voyage-travel.com,Dorothy Harris,none,0.00,2025-02-26 19:00:00-05:00
702,deborah.garcia702@voyage-travel.com,Deborah Garcia,bronze,4.99,2025-07-25 20:00:00-04:00
703,ashley.torres703@voyage-travel.com,Ashley Torres,bronze,4.99,2025-12-01 19:00:00-05:00
704,edward.hernandez704@voyage-travel.com,Edward Hernandez,none,0.00,2024-11-03 19:00:00-05:00
705,paul.young705@voyage-travel.com,Paul Young,none,0.00,2024-06-19 20:00:00-04:00
706,sharon.moore706@voyage-travel.com,Sharon Moore,none,0.00,2025-05-09 20:00:00-04:00
707,elizabeth.white707@voyage-travel.com,Elizabeth White,none,0.00,2024-09-08 20:00:00-04:00
708,amy.hill708@voyage-travel.com,Amy Hill,bronze,4.99,2025-04-12 20:00:00-04:00
709,susan.rodriguez709@voyage-travel.com,Susan Rodriguez,none,0.00,2025-02-08 19:00:00-05:00
710,kevin.flores710@voyage-travel.com,Kevin Flores,none,0.00,2024-12-02 19:00:00-05:00
711,jeffrey.perez711@voyage-travel.com,Jeffrey Perez,none,0.00,2025-10-27 20:00:00-04:00
712,sarah.martin712@voyage-travel.com,Sarah Martin,none,0.00,2025-12-11 19:00:00-05:00
713,betty.walker713@voyage-travel.com,Betty Walker,none,0.00,2025-02-10 19:00:00-05:00
714,kenneth.jackson714@voyage-travel.com,Kenneth Jackson,bronze,4.99,2025-10-09 20:00:00-04:00
715,gary.torres715@voyage-travel.com,Gary Torres,silver,14.99,2024-11-28 19:00:00-05:00
716,edward.moore716@voyage-travel.com,Edward Moore,silver,14.99,2025-02-05 19:00:00-05:00
717,george.davis717@voyage-travel.com,George Davis,gold,29.99,2024-07-22 20:00:00-04:00
718,helen.lopez718@voyage-travel.com,Helen Lopez,bronze,4.99,2025-07-16 20:00:00-04:00
719,patricia.campbell719@voyage-travel.com,Patricia Campbell,none,0.00,2025-12-25 19:00:00-05:00
720,anthony.lewis720@voyage-travel.com,Anthony Lewis,silver,14.99,2025-12-09 19:00:00-05:00
721,william.clark721@voyage-travel.com,William Clark,bronze,4.99,2024-05-21 20:00:00-04:00
722,joshua.thomas722@voyage-travel.com,Joshua Thomas,none,0.00,2024-06-05 20:00:00-04:00
723,jason.harris723@voyage-travel.com,Jason Harris,none,0.00,2025-09-03 20:00:00-04:00
724,kathleen.nguyen724@voyage-travel.com,Kathleen Nguyen,none,0.00,2025-06-01 20:00:00-04:00
725,rebecca.wright725@voyage-travel.com,Rebecca Wright,none,0.00,2025-01-02 19:00:00-05:00
726,jonathan.hill726@voyage-travel.com,Jonathan Hill,bronze,4.99,2024-03-27 20:00:00-04:00
727,susan.thomas727@voyage-travel.com,Susan Thomas,bronze,4.99,2024-12-28 19:00:00-05:00
728,nancy.adams728@voyage-travel.com,Nancy Adams,bronze,4.99,2025-07-29 20:00:00-04:00
729,stephanie.perez729@voyage-travel.com,Stephanie Perez,gold,29.99,2025-03-15 20:00:00-04:00
730,susan.smith730@voyage-travel.com,Susan Smith,none,0.00,2024-08-14 20:00:00-04:00
731,shirley.mitchell731@voyage-travel.com,Shirley Mitchell,bronze,4.99,2025-08-16 20:00:00-04:00
732,mark.lewis732@voyage-travel.com,Mark Lewis,none,0.00,2025-04-18 20:00:00-04:00
733,nicholas.martinez733@voyage-travel.com,Nicholas Martinez,none,0.00,2024-01-25 19:00:00-05:00
734,kathleen.miller734@voyage-travel.com,Kathleen Miller,none,0.00,2024-03-27 20:00:00-04:00
735,joseph.campbell735@voyage-travel.com,Joseph Campbell,none,0.00,2024-11-14 19:00:00-05:00
736,carol.robinson736@voyage-travel.com,Carol Robinson,silver,14.99,2025-06-16 20:00:00-04:00
737,kathleen.thompson737@voyage-travel.com,Kathleen Thompson,none,0.00,2025-03-23 20:00:00-04:00
738,laura.lee738@voyage-travel.com,Laura Lee,none,0.00,2024-02-14 19:00:00-05:00
739,joseph.johnson739@voyage-travel.com,Joseph Johnson,silver,14.99,2025-10-24 20:00:00-04:00
740,susan.baker740@voyage-travel.com,Susan Baker,silver,14.99,2026-01-27 19:00:00-05:00
741,ashley.king741@voyage-travel.com,Ashley King,none,0.00,2024-06-11 20:00:00-04:00
742,kevin.scott742@voyage-travel.com,Kevin Scott,none,0.00,2025-04-17 20:00:00-04:00
743,sandra.sanchez743@voyage-travel.com,Sandra Sanchez,bronze,4.99,2024-07-08 20:00:00-04:00
744,sharon.sanchez744@voyage-travel.com,Sharon Sanchez,none,0.00,2025-09-19 20:00:00-04:00
745,betty.lewis745@voyage-travel.com,Betty Lewis,bronze,4.99,2025-02-01 19:00:00-05:00
746,james.rivera746@voyage-travel.com,James Rivera,none,0.00,2024-10-11 20:00:00-04:00
747,william.torres747@voyage-travel.com,William Torres,none,0.00,2025-07-02 20:00:00-04:00
748,lisa.white748@voyage-travel.com,Lisa White,none,0.00,2025-04-12 20:00:00-04:00
749,joseph.taylor749@voyage-travel.com,Joseph Taylor,bronze,4.99,2025-05-15 20:00:00-04:00
750,angela.green750@voyage-travel.com,Angela Green,none,0.00,2025-01-31 19:00:00-05:00
751,ronald.nguyen751@voyage-travel.com,Ronald Nguyen,none,0.00,2024-12-25 19:00:00-05:00
752,ryan.flores752@voyage-travel.com,Ryan Flores,none,0.00,2025-11-19 19:00:00-05:00
753,joshua.flores753@voyage-travel.com,Joshua Flores,bronze,4.99,2025-11-18 19:00:00-05:00
754,sarah.lee754@voyage-travel.com,Sarah Lee,none,0.00,2024-11-07 19:00:00-05:00
755,joseph.lopez755@voyage-travel.com,Joseph Lopez,none,0.00,2024-05-23 20:00:00-04:00
756,shirley.harris756@voyage-travel.com,Shirley Harris,none,0.00,2024-05-20 20:00:00-04:00
757,deborah.ramirez757@voyage-travel.com,Deborah Ramirez,none,0.00,2025-10-11 20:00:00-04:00
758,jonathan.hall758@voyage-travel.com,Jonathan Hall,gold,29.99,2024-06-25 20:00:00-04:00
759,anna.hernandez759@voyage-travel.com,Anna Hernandez,none,0.00,2024-05-22 20:00:00-04:00
760,lisa.lee760@voyage-travel.com,Lisa Lee,silver,14.99,2025-09-25 20:00:00-04:00
761,michael.thompson761@voyage-travel.com,Michael Thompson,gold,29.99,2025-05-10 20:00:00-04:00
762,sarah.gonzalez762@voyage-travel.com,Sarah Gonzalez,silver,14.99,2025-07-28 20:00:00-04:00
763,nicholas.adams763@voyage-travel.com,Nicholas Adams,none,0.00,2025-12-01 19:00:00-05:00
764,gary.clark764@voyage-travel.com,Gary Clark,bronze,4.99,2025-03-29 20:00:00-04:00
765,gary.hernandez765@voyage-travel.com,Gary Hernandez,none,0.00,2024-01-31 19:00:00-05:00
766,mark.jackson766@voyage-travel.com,Mark Jackson,none,0.00,2024-08-17 20:00:00-04:00
767,jonathan.jackson767@voyage-travel.com,Jonathan Jackson,none,0.00,2025-04-12 20:00:00-04:00
768,amy.scott768@voyage-travel.com,Amy Scott,bronze,4.99,2025-08-08 20:00:00-04:00
769,joseph.moore769@voyage-travel.com,Joseph Moore,silver,14.99,2025-01-09 19:00:00-05:00
770,helen.williams770@voyage-travel.com,Helen Williams,silver,14.99,2025-03-26 20:00:00-04:00
771,helen.wilson771@voyage-travel.com,Helen Wilson,gold,29.99,2024-04-13 20:00:00-04:00
772,ashley.martin772@voyage-travel.com,Ashley Martin,silver,14.99,2024-02-02 19:00:00-05:00
773,laura.taylor773@voyage-travel.com,Laura Taylor,none,0.00,2024-03-29 20:00:00-04:00
774,jeffrey.davis774@voyage-travel.com,Jeffrey Davis,silver,14.99,2024-08-29 20:00:00-04:00
775,anthony.mitchell775@voyage-travel.com,Anthony Mitchell,bronze,4.99,2024-12-24 19:00:00-05:00
776,jason.hernandez776@voyage-travel.com,Jason Hernandez,bronze,4.99,2024-07-29 20:00:00-04:00
777,anthony.brown777@voyage-travel.com,Anthony Brown,bronze,4.99,2025-06-28 20:00:00-04:00
778,emily.hill778@voyage-travel.com,Emily Hill,bronze,4.99,2024-11-26 19:00:00-05:00
779,donna.jackson779@voyage-travel.com,Donna Jackson,bronze,4.99,2025-06-09 20:00:00-04:00
780,richard.rodriguez780@voyage-travel.com,Richard Rodriguez,gold,29.99,2025-02-24 19:00:00-05:00
781,linda.moore781@voyage-travel.com,Linda Moore,silver,14.99,2024-05-08 20:00:00-04:00
782,thomas.thomas782@voyage-travel.com,Thomas Thomas,none,0.00,2024-11-24 19:00:00-05:00
783,ashley.baker783@voyage-travel.com,Ashley Baker,none,0.00,2024-05-24 20:00:00-04:00
784,paul.green784@voyage-travel.com,Paul Green,none,0.00,2025-04-06 20:00:00-04:00
941,mark.hernandez941@voyage-travel.com,Mark Hernandez,none,0.00,2024-02-03 19:00:00-05:00
785,elizabeth.green785@voyage-travel.com,Elizabeth Green,silver,14.99,2026-02-25 19:00:00-05:00
786,barbara.sanchez786@voyage-travel.com,Barbara Sanchez,bronze,4.99,2024-10-10 20:00:00-04:00
787,melissa.robinson787@voyage-travel.com,Melissa Robinson,gold,29.99,2024-11-30 19:00:00-05:00
788,james.campbell788@voyage-travel.com,James Campbell,none,0.00,2025-04-13 20:00:00-04:00
789,amanda.jones789@voyage-travel.com,Amanda Jones,silver,14.99,2025-02-10 19:00:00-05:00
790,margaret.ramirez790@voyage-travel.com,Margaret Ramirez,silver,14.99,2025-05-20 20:00:00-04:00
791,paul.lee791@voyage-travel.com,Paul Lee,silver,14.99,2024-12-10 19:00:00-05:00
792,stephen.torres792@voyage-travel.com,Stephen Torres,none,0.00,2025-05-10 20:00:00-04:00
793,carol.baker793@voyage-travel.com,Carol Baker,silver,14.99,2024-02-16 19:00:00-05:00
794,richard.green794@voyage-travel.com,Richard Green,silver,14.99,2025-04-14 20:00:00-04:00
795,john.davis795@voyage-travel.com,John Davis,gold,29.99,2024-06-09 20:00:00-04:00
796,jeffrey.robinson796@voyage-travel.com,Jeffrey Robinson,none,0.00,2025-03-13 20:00:00-04:00
797,betty.hall797@voyage-travel.com,Betty Hall,gold,29.99,2025-10-26 20:00:00-04:00
798,joshua.hernandez798@voyage-travel.com,Joshua Hernandez,silver,14.99,2024-10-06 20:00:00-04:00
799,barbara.adams799@voyage-travel.com,Barbara Adams,none,0.00,2024-03-24 20:00:00-04:00
800,melissa.nelson800@voyage-travel.com,Melissa Nelson,gold,29.99,2024-06-17 20:00:00-04:00
801,michael.sanchez801@voyage-travel.com,Michael Sanchez,bronze,4.99,2026-01-12 19:00:00-05:00
802,sandra.ramirez802@voyage-travel.com,Sandra Ramirez,bronze,4.99,2025-12-20 19:00:00-05:00
803,richard.smith803@voyage-travel.com,Richard Smith,none,0.00,2024-03-19 20:00:00-04:00
804,thomas.nguyen804@voyage-travel.com,Thomas Nguyen,none,0.00,2025-11-26 19:00:00-05:00
805,jeffrey.smith805@voyage-travel.com,Jeffrey Smith,none,0.00,2024-12-16 19:00:00-05:00
806,jessica.ramirez806@voyage-travel.com,Jessica Ramirez,bronze,4.99,2025-05-03 20:00:00-04:00
807,elizabeth.anderson807@voyage-travel.com,Elizabeth Anderson,none,0.00,2026-01-17 19:00:00-05:00
808,susan.miller808@voyage-travel.com,Susan Miller,none,0.00,2024-11-01 20:00:00-04:00
809,sarah.harris809@voyage-travel.com,Sarah Harris,silver,14.99,2026-02-09 19:00:00-05:00
810,sarah.adams810@voyage-travel.com,Sarah Adams,gold,29.99,2024-05-25 20:00:00-04:00
811,william.king811@voyage-travel.com,William King,bronze,4.99,2025-09-15 20:00:00-04:00
812,nancy.lewis812@voyage-travel.com,Nancy Lewis,none,0.00,2024-08-05 20:00:00-04:00
813,karen.clark813@voyage-travel.com,Karen Clark,bronze,4.99,2025-03-28 20:00:00-04:00
814,margaret.garcia814@voyage-travel.com,Margaret Garcia,silver,14.99,2024-05-22 20:00:00-04:00
815,jessica.nguyen815@voyage-travel.com,Jessica Nguyen,bronze,4.99,2024-12-24 19:00:00-05:00
816,jason.lee816@voyage-travel.com,Jason Lee,silver,14.99,2024-09-09 20:00:00-04:00
817,emily.adams817@voyage-travel.com,Emily Adams,none,0.00,2025-07-19 20:00:00-04:00
818,andrew.hall818@voyage-travel.com,Andrew Hall,none,0.00,2025-11-04 19:00:00-05:00
819,joshua.wilson819@voyage-travel.com,Joshua Wilson,bronze,4.99,2025-06-04 20:00:00-04:00
820,matthew.mitchell820@voyage-travel.com,Matthew Mitchell,none,0.00,2025-10-22 20:00:00-04:00
821,michael.thomas821@voyage-travel.com,Michael Thomas,none,0.00,2024-04-24 20:00:00-04:00
822,donald.young822@voyage-travel.com,Donald Young,bronze,4.99,2024-03-12 20:00:00-04:00
823,angela.smith823@voyage-travel.com,Angela Smith,gold,29.99,2024-11-19 19:00:00-05:00
824,thomas.harris824@voyage-travel.com,Thomas Harris,silver,14.99,2025-08-04 20:00:00-04:00
825,rebecca.white825@voyage-travel.com,Rebecca White,bronze,4.99,2024-06-24 20:00:00-04:00
826,jacob.jones826@voyage-travel.com,Jacob Jones,none,0.00,2024-03-09 19:00:00-05:00
827,mary.taylor827@voyage-travel.com,Mary Taylor,none,0.00,2024-03-01 19:00:00-05:00
828,ronald.allen828@voyage-travel.com,Ronald Allen,none,0.00,2025-12-29 19:00:00-05:00
829,nicholas.clark829@voyage-travel.com,Nicholas Clark,none,0.00,2025-02-14 19:00:00-05:00
830,david.green830@voyage-travel.com,David Green,bronze,4.99,2025-09-21 20:00:00-04:00
831,karen.moore831@voyage-travel.com,Karen Moore,none,0.00,2024-03-20 20:00:00-04:00
832,shirley.wilson832@voyage-travel.com,Shirley Wilson,gold,29.99,2024-06-07 20:00:00-04:00
833,jonathan.lee833@voyage-travel.com,Jonathan Lee,none,0.00,2025-10-10 20:00:00-04:00
834,william.martin834@voyage-travel.com,William Martin,bronze,4.99,2026-01-16 19:00:00-05:00
835,donald.brown835@voyage-travel.com,Donald Brown,none,0.00,2025-03-19 20:00:00-04:00
836,joseph.robinson836@voyage-travel.com,Joseph Robinson,bronze,4.99,2024-02-25 19:00:00-05:00
837,michelle.nelson837@voyage-travel.com,Michelle Nelson,bronze,4.99,2026-01-27 19:00:00-05:00
838,daniel.davis838@voyage-travel.com,Daniel Davis,none,0.00,2024-05-19 20:00:00-04:00
839,mary.hernandez839@voyage-travel.com,Mary Hernandez,none,0.00,2024-12-20 19:00:00-05:00
840,eric.king840@voyage-travel.com,Eric King,silver,14.99,2026-01-07 19:00:00-05:00
841,kimberly.hernandez841@voyage-travel.com,Kimberly Hernandez,none,0.00,2026-02-05 19:00:00-05:00
842,paul.campbell842@voyage-travel.com,Paul Campbell,silver,14.99,2026-02-27 19:00:00-05:00
843,patricia.perez843@voyage-travel.com,Patricia Perez,silver,14.99,2024-10-04 20:00:00-04:00
844,angela.jones844@voyage-travel.com,Angela Jones,none,0.00,2025-08-12 20:00:00-04:00
845,elizabeth.young845@voyage-travel.com,Elizabeth Young,none,0.00,2025-01-02 19:00:00-05:00
846,linda.young846@voyage-travel.com,Linda Young,silver,14.99,2024-06-18 20:00:00-04:00
847,melissa.hernandez847@voyage-travel.com,Melissa Hernandez,none,0.00,2024-04-14 20:00:00-04:00
848,joseph.anderson848@voyage-travel.com,Joseph Anderson,bronze,4.99,2024-01-02 19:00:00-05:00
849,jennifer.smith849@voyage-travel.com,Jennifer Smith,none,0.00,2025-04-27 20:00:00-04:00
850,george.harris850@voyage-travel.com,George Harris,gold,29.99,2024-07-01 20:00:00-04:00
851,robert.scott851@voyage-travel.com,Robert Scott,silver,14.99,2025-12-31 19:00:00-05:00
852,rebecca.anderson852@voyage-travel.com,Rebecca Anderson,none,0.00,2025-03-01 19:00:00-05:00
853,kenneth.moore853@voyage-travel.com,Kenneth Moore,silver,14.99,2025-08-07 20:00:00-04:00
854,melissa.davis854@voyage-travel.com,Melissa Davis,bronze,4.99,2024-02-22 19:00:00-05:00
855,daniel.anderson855@voyage-travel.com,Daniel Anderson,silver,14.99,2024-02-16 19:00:00-05:00
856,stephanie.jones856@voyage-travel.com,Stephanie Jones,silver,14.99,2024-10-15 20:00:00-04:00
857,michelle.lee857@voyage-travel.com,Michelle Lee,none,0.00,2025-04-11 20:00:00-04:00
858,mary.white858@voyage-travel.com,Mary White,none,0.00,2025-07-30 20:00:00-04:00
859,joshua.mitchell859@voyage-travel.com,Joshua Mitchell,bronze,4.99,2025-04-19 20:00:00-04:00
860,melissa.nguyen860@voyage-travel.com,Melissa Nguyen,gold,29.99,2026-03-01 19:00:00-05:00
861,betty.campbell861@voyage-travel.com,Betty Campbell,gold,29.99,2026-02-16 19:00:00-05:00
862,ashley.martinez862@voyage-travel.com,Ashley Martinez,none,0.00,2025-02-22 19:00:00-05:00
863,patricia.anderson863@voyage-travel.com,Patricia Anderson,bronze,4.99,2025-10-12 20:00:00-04:00
864,mary.perez864@voyage-travel.com,Mary Perez,none,0.00,2025-11-03 19:00:00-05:00
865,edward.mitchell865@voyage-travel.com,Edward Mitchell,bronze,4.99,2024-04-15 20:00:00-04:00
866,anthony.king866@voyage-travel.com,Anthony King,gold,29.99,2025-03-04 19:00:00-05:00
867,gary.brown867@voyage-travel.com,Gary Brown,gold,29.99,2024-05-24 20:00:00-04:00
868,emily.garcia868@voyage-travel.com,Emily Garcia,none,0.00,2024-08-24 20:00:00-04:00
869,eric.clark869@voyage-travel.com,Eric Clark,bronze,4.99,2025-01-15 19:00:00-05:00
870,ryan.mitchell870@voyage-travel.com,Ryan Mitchell,none,0.00,2024-04-06 20:00:00-04:00
871,nicholas.rodriguez871@voyage-travel.com,Nicholas Rodriguez,bronze,4.99,2025-02-06 19:00:00-05:00
872,elizabeth.nguyen872@voyage-travel.com,Elizabeth Nguyen,bronze,4.99,2025-03-20 20:00:00-04:00
873,thomas.thomas873@voyage-travel.com,Thomas Thomas,none,0.00,2024-11-17 19:00:00-05:00
874,ronald.hall874@voyage-travel.com,Ronald Hall,silver,14.99,2024-11-29 19:00:00-05:00
875,kenneth.lewis875@voyage-travel.com,Kenneth Lewis,none,0.00,2024-03-16 20:00:00-04:00
876,betty.rodriguez876@voyage-travel.com,Betty Rodriguez,silver,14.99,2025-08-20 20:00:00-04:00
877,susan.martinez877@voyage-travel.com,Susan Martinez,none,0.00,2025-04-04 20:00:00-04:00
878,cynthia.lee878@voyage-travel.com,Cynthia Lee,none,0.00,2025-07-01 20:00:00-04:00
879,amanda.wilson879@voyage-travel.com,Amanda Wilson,none,0.00,2025-04-18 20:00:00-04:00
880,kimberly.davis880@voyage-travel.com,Kimberly Davis,none,0.00,2025-12-02 19:00:00-05:00
881,joshua.rivera881@voyage-travel.com,Joshua Rivera,bronze,4.99,2024-02-10 19:00:00-05:00
882,margaret.lee882@voyage-travel.com,Margaret Lee,none,0.00,2025-12-28 19:00:00-05:00
883,ashley.thompson883@voyage-travel.com,Ashley Thompson,none,0.00,2024-02-19 19:00:00-05:00
884,joshua.taylor884@voyage-travel.com,Joshua Taylor,silver,14.99,2024-06-26 20:00:00-04:00
885,patricia.sanchez885@voyage-travel.com,Patricia Sanchez,silver,14.99,2025-07-22 20:00:00-04:00
886,stephen.thomas886@voyage-travel.com,Stephen Thomas,none,0.00,2024-04-13 20:00:00-04:00
887,sarah.davis887@voyage-travel.com,Sarah Davis,none,0.00,2026-03-09 20:00:00-04:00
888,mark.rodriguez888@voyage-travel.com,Mark Rodriguez,none,0.00,2025-02-13 19:00:00-05:00
889,melissa.baker889@voyage-travel.com,Melissa Baker,bronze,4.99,2025-10-21 20:00:00-04:00
890,david.nguyen890@voyage-travel.com,David Nguyen,bronze,4.99,2024-03-16 20:00:00-04:00
891,john.jones891@voyage-travel.com,John Jones,none,0.00,2025-10-22 20:00:00-04:00
892,jeffrey.rodriguez892@voyage-travel.com,Jeffrey Rodriguez,none,0.00,2024-12-04 19:00:00-05:00
893,jessica.williams893@voyage-travel.com,Jessica Williams,gold,29.99,2024-02-20 19:00:00-05:00
894,nancy.torres894@voyage-travel.com,Nancy Torres,none,0.00,2026-01-10 19:00:00-05:00
895,ronald.young895@voyage-travel.com,Ronald Young,none,0.00,2025-11-29 19:00:00-05:00
896,jason.lopez896@voyage-travel.com,Jason Lopez,none,0.00,2024-07-09 20:00:00-04:00
897,emily.moore897@voyage-travel.com,Emily Moore,none,0.00,2024-05-31 20:00:00-04:00
898,robert.flores898@voyage-travel.com,Robert Flores,bronze,4.99,2024-09-07 20:00:00-04:00
899,donna.young899@voyage-travel.com,Donna Young,none,0.00,2025-07-16 20:00:00-04:00
900,kathleen.brown900@voyage-travel.com,Kathleen Brown,none,0.00,2025-01-26 19:00:00-05:00
901,sarah.clark901@voyage-travel.com,Sarah Clark,none,0.00,2025-06-21 20:00:00-04:00
902,ashley.green902@voyage-travel.com,Ashley Green,gold,29.99,2025-07-09 20:00:00-04:00
903,john.harris903@voyage-travel.com,John Harris,silver,14.99,2025-01-01 19:00:00-05:00
904,kathleen.wright904@voyage-travel.com,Kathleen Wright,silver,14.99,2024-12-17 19:00:00-05:00
905,nicholas.lee905@voyage-travel.com,Nicholas Lee,none,0.00,2024-07-02 20:00:00-04:00
906,patricia.lee906@voyage-travel.com,Patricia Lee,bronze,4.99,2024-01-30 19:00:00-05:00
907,emily.brown907@voyage-travel.com,Emily Brown,silver,14.99,2025-04-27 20:00:00-04:00
908,angela.thompson908@voyage-travel.com,Angela Thompson,silver,14.99,2024-08-25 20:00:00-04:00
909,christopher.miller909@voyage-travel.com,Christopher Miller,none,0.00,2024-09-02 20:00:00-04:00
910,paul.wright910@voyage-travel.com,Paul Wright,silver,14.99,2026-01-23 19:00:00-05:00
911,linda.anderson911@voyage-travel.com,Linda Anderson,bronze,4.99,2025-01-31 19:00:00-05:00
912,amanda.lopez912@voyage-travel.com,Amanda Lopez,none,0.00,2025-08-28 20:00:00-04:00
913,kenneth.mitchell913@voyage-travel.com,Kenneth Mitchell,bronze,4.99,2025-08-27 20:00:00-04:00
914,patricia.rivera914@voyage-travel.com,Patricia Rivera,bronze,4.99,2025-08-03 20:00:00-04:00
915,charles.torres915@voyage-travel.com,Charles Torres,gold,29.99,2025-05-18 20:00:00-04:00
916,helen.martin916@voyage-travel.com,Helen Martin,none,0.00,2024-02-07 19:00:00-05:00
917,barbara.brown917@voyage-travel.com,Barbara Brown,none,0.00,2024-08-11 20:00:00-04:00
918,john.king918@voyage-travel.com,John King,none,0.00,2024-12-04 19:00:00-05:00
919,betty.rodriguez919@voyage-travel.com,Betty Rodriguez,none,0.00,2024-06-29 20:00:00-04:00
920,dorothy.brown920@voyage-travel.com,Dorothy Brown,none,0.00,2025-08-22 20:00:00-04:00
921,charles.davis921@voyage-travel.com,Charles Davis,silver,14.99,2025-01-07 19:00:00-05:00
922,elizabeth.white922@voyage-travel.com,Elizabeth White,bronze,4.99,2025-11-08 19:00:00-05:00
923,ronald.nguyen923@voyage-travel.com,Ronald Nguyen,none,0.00,2024-11-04 19:00:00-05:00
924,dorothy.rodriguez924@voyage-travel.com,Dorothy Rodriguez,gold,29.99,2026-01-18 19:00:00-05:00
925,sharon.green925@voyage-travel.com,Sharon Green,gold,29.99,2025-10-25 20:00:00-04:00
926,kenneth.lopez926@voyage-travel.com,Kenneth Lopez,bronze,4.99,2025-07-28 20:00:00-04:00
927,amanda.anderson927@voyage-travel.com,Amanda Anderson,bronze,4.99,2024-06-27 20:00:00-04:00
928,edward.martin928@voyage-travel.com,Edward Martin,bronze,4.99,2024-10-27 20:00:00-04:00
929,thomas.lopez929@voyage-travel.com,Thomas Lopez,bronze,4.99,2025-12-18 19:00:00-05:00
930,ronald.torres930@voyage-travel.com,Ronald Torres,none,0.00,2025-09-07 20:00:00-04:00
931,kenneth.flores931@voyage-travel.com,Kenneth Flores,none,0.00,2025-08-01 20:00:00-04:00
932,susan.young932@voyage-travel.com,Susan Young,none,0.00,2026-02-01 19:00:00-05:00
933,elizabeth.thomas933@voyage-travel.com,Elizabeth Thomas,none,0.00,2024-11-22 19:00:00-05:00
934,nancy.green934@voyage-travel.com,Nancy Green,silver,14.99,2024-03-30 20:00:00-04:00
935,kevin.lewis935@voyage-travel.com,Kevin Lewis,none,0.00,2024-08-01 20:00:00-04:00
936,ashley.hall936@voyage-travel.com,Ashley Hall,none,0.00,2024-09-18 20:00:00-04:00
937,susan.campbell937@voyage-travel.com,Susan Campbell,none,0.00,2025-01-29 19:00:00-05:00
938,jeffrey.campbell938@voyage-travel.com,Jeffrey Campbell,none,0.00,2024-06-18 20:00:00-04:00
939,timothy.young939@voyage-travel.com,Timothy Young,silver,14.99,2024-12-24 19:00:00-05:00
940,helen.harris940@voyage-travel.com,Helen Harris,none,0.00,2025-05-04 20:00:00-04:00
942,donna.johnson942@voyage-travel.com,Donna Johnson,none,0.00,2024-04-16 20:00:00-04:00
943,elizabeth.perez943@voyage-travel.com,Elizabeth Perez,none,0.00,2025-01-18 19:00:00-05:00
944,christopher.campbell944@voyage-travel.com,Christopher Campbell,none,0.00,2024-04-04 20:00:00-04:00
945,carol.hill945@voyage-travel.com,Carol Hill,gold,29.99,2025-05-08 20:00:00-04:00
946,patricia.ramirez946@voyage-travel.com,Patricia Ramirez,gold,29.99,2024-06-16 20:00:00-04:00
947,sharon.hernandez947@voyage-travel.com,Sharon Hernandez,none,0.00,2024-12-04 19:00:00-05:00
948,anthony.gonzalez948@voyage-travel.com,Anthony Gonzalez,none,0.00,2025-07-20 20:00:00-04:00
949,helen.taylor949@voyage-travel.com,Helen Taylor,bronze,4.99,2024-10-30 20:00:00-04:00
950,donald.miller950@voyage-travel.com,Donald Miller,none,0.00,2025-08-07 20:00:00-04:00
951,stephen.young951@voyage-travel.com,Stephen Young,none,0.00,2025-01-03 19:00:00-05:00
952,james.ramirez952@voyage-travel.com,James Ramirez,none,0.00,2025-11-07 19:00:00-05:00
953,kathleen.gonzalez953@voyage-travel.com,Kathleen Gonzalez,none,0.00,2024-07-29 20:00:00-04:00
954,nancy.green954@voyage-travel.com,Nancy Green,none,0.00,2024-03-23 20:00:00-04:00
955,jacob.davis955@voyage-travel.com,Jacob Davis,none,0.00,2025-02-10 19:00:00-05:00
956,jacob.young956@voyage-travel.com,Jacob Young,silver,14.99,2024-09-27 20:00:00-04:00
957,barbara.adams957@voyage-travel.com,Barbara Adams,bronze,4.99,2024-07-07 20:00:00-04:00
958,melissa.harris958@voyage-travel.com,Melissa Harris,none,0.00,2025-03-31 20:00:00-04:00
959,jennifer.taylor959@voyage-travel.com,Jennifer Taylor,none,0.00,2024-09-25 20:00:00-04:00
960,mark.moore960@voyage-travel.com,Mark Moore,bronze,4.99,2024-06-02 20:00:00-04:00
961,richard.garcia961@voyage-travel.com,Richard Garcia,bronze,4.99,2025-07-07 20:00:00-04:00
962,timothy.nguyen962@voyage-travel.com,Timothy Nguyen,none,0.00,2024-03-02 19:00:00-05:00
963,deborah.king963@voyage-travel.com,Deborah King,none,0.00,2025-07-01 20:00:00-04:00
964,jacob.torres964@voyage-travel.com,Jacob Torres,silver,14.99,2025-05-01 20:00:00-04:00
965,joshua.garcia965@voyage-travel.com,Joshua Garcia,none,0.00,2025-12-31 19:00:00-05:00
966,robert.allen966@voyage-travel.com,Robert Allen,bronze,4.99,2025-06-12 20:00:00-04:00
967,charles.davis967@voyage-travel.com,Charles Davis,gold,29.99,2025-04-03 20:00:00-04:00
968,daniel.hernandez968@voyage-travel.com,Daniel Hernandez,gold,29.99,2024-07-15 20:00:00-04:00
969,thomas.williams969@voyage-travel.com,Thomas Williams,none,0.00,2025-11-29 19:00:00-05:00
970,sharon.gonzalez970@voyage-travel.com,Sharon Gonzalez,gold,29.99,2025-10-03 20:00:00-04:00
971,charles.hill971@voyage-travel.com,Charles Hill,none,0.00,2026-01-13 19:00:00-05:00
972,william.garcia972@voyage-travel.com,William Garcia,none,0.00,2025-02-09 19:00:00-05:00
973,stephen.lee973@voyage-travel.com,Stephen Lee,silver,14.99,2025-06-15 20:00:00-04:00
974,ryan.smith974@voyage-travel.com,Ryan Smith,silver,14.99,2025-09-29 20:00:00-04:00
975,eric.clark975@voyage-travel.com,Eric Clark,none,0.00,2024-06-01 20:00:00-04:00
976,charles.torres976@voyage-travel.com,Charles Torres,bronze,4.99,2026-02-14 19:00:00-05:00
977,richard.miller977@voyage-travel.com,Richard Miller,bronze,4.99,2024-04-12 20:00:00-04:00
978,andrew.wright978@voyage-travel.com,Andrew Wright,silver,14.99,2025-02-23 19:00:00-05:00
979,kimberly.harris979@voyage-travel.com,Kimberly Harris,bronze,4.99,2025-08-07 20:00:00-04:00
980,jacob.williams980@voyage-travel.com,Jacob Williams,none,0.00,2025-02-15 19:00:00-05:00
981,charles.flores981@voyage-travel.com,Charles Flores,bronze,4.99,2025-12-10 19:00:00-05:00
982,stephanie.williams982@voyage-travel.com,Stephanie Williams,none,0.00,2024-12-04 19:00:00-05:00
983,donald.brown983@voyage-travel.com,Donald Brown,bronze,4.99,2024-10-01 20:00:00-04:00
984,melissa.johnson984@voyage-travel.com,Melissa Johnson,none,0.00,2024-11-05 19:00:00-05:00
985,michelle.moore985@voyage-travel.com,Michelle Moore,silver,14.99,2025-12-12 19:00:00-05:00
986,richard.anderson986@voyage-travel.com,Richard Anderson,none,0.00,2026-01-30 19:00:00-05:00
987,jeffrey.lee987@voyage-travel.com,Jeffrey Lee,none,0.00,2025-03-01 19:00:00-05:00
988,barbara.gonzalez988@voyage-travel.com,Barbara Gonzalez,none,0.00,2025-02-19 19:00:00-05:00
989,gary.king989@voyage-travel.com,Gary King,silver,14.99,2024-02-26 19:00:00-05:00
990,shirley.hernandez990@voyage-travel.com,Shirley Hernandez,none,0.00,2025-12-26 19:00:00-05:00
991,nicholas.sanchez991@voyage-travel.com,Nicholas Sanchez,none,0.00,2025-06-19 20:00:00-04:00
992,patricia.lopez992@voyage-travel.com,Patricia Lopez,none,0.00,2024-07-23 20:00:00-04:00
993,linda.thomas993@voyage-travel.com,Linda Thomas,none,0.00,2024-02-20 19:00:00-05:00
994,george.rivera994@voyage-travel.com,George Rivera,none,0.00,2025-01-11 19:00:00-05:00
995,cynthia.allen995@voyage-travel.com,Cynthia Allen,none,0.00,2024-05-05 20:00:00-04:00
996,patricia.thomas996@voyage-travel.com,Patricia Thomas,none,0.00,2025-08-30 20:00:00-04:00
997,laura.lopez997@voyage-travel.com,Laura Lopez,gold,29.99,2025-04-29 20:00:00-04:00
998,stephen.thompson998@voyage-travel.com,Stephen Thompson,none,0.00,2024-09-20 20:00:00-04:00
999,barbara.jackson999@voyage-travel.com,Barbara Jackson,none,0.00,2024-02-19 19:00:00-05:00
1000,christopher.torres1000@voyage-travel.com,Christopher Torres,silver,14.99,2024-08-06 20:00:00-04:00
