id,first_name,last_name,email,country,created_at
1,Mary,Wilson,mary.wilson.1528@nicolastesla.org,China,2025-10-09 08:00:00
2,Susan,Thomas,susan.thomas.8053@nicolastesla.org,UK,2026-02-22 18:00:00
3,Thomas,Jackson,thomas.jackson.6631@nicolastesla.org,China,2025-03-18 08:00:00
4,Patricia,Anderson,patricia.anderson.9446@nicolastesla.org,Netherlands,2025-10-05 05:00:00
5,Richard,Hernandez,richard.hernandez.9583@nicolastesla.org,Germany,2025-01-19 15:00:00
6,Sarah,Miller,sarah.miller.7629@nicolastesla.org,Germany,2025-01-01 11:00:00
7,Sarah,Lopez,sarah.lopez.5754@nicolastesla.org,UK,2025-10-07 14:00:00
8,Karen,Martinez,karen.martinez.5626@nicolastesla.org,China,2025-09-20 16:00:00
9,Barbara,Brown,barbara.brown.4400@nicolastesla.org,France,2025-08-01 01:00:00
10,Sarah,Johnson,sarah.johnson.621@nicolastesla.org,USA,2025-09-20 13:00:00
11,Michael,Wilson,michael.wilson.4884@nicolastesla.org,Germany,2025-11-11 05:00:00
12,Joseph,Martin,joseph.martin.6811@nicolastesla.org,Switzerland,2025-01-06 07:00:00
13,Elizabeth,Gonzalez,elizabeth.gonzalez.8237@nicolastesla.org,Netherlands,2025-12-16 08:00:00
14,Karen,Martinez,karen.martinez.1320@nicolastesla.org,France,2025-06-20 04:00:00
15,Joseph,Johnson,joseph.johnson.1322@nicolastesla.org,China,2025-07-23 06:00:00
16,Michael,Jones,michael.jones.4489@nicolastesla.org,France,2025-06-20 13:00:00
17,Mary,Gonzalez,mary.gonzalez.7640@nicolastesla.org,USA,2025-12-25 14:00:00
18,Sarah,Jackson,sarah.jackson.7982@nicolastesla.org,UK,2025-10-22 20:00:00
19,Karen,Jackson,karen.jackson.9316@nicolastesla.org,USA,2025-08-26 21:00:00
20,John,Johnson,john.johnson.2489@nicolastesla.org,USA,2025-01-03 16:00:00
21,Linda,Johnson,linda.johnson.533@nicolastesla.org,Netherlands,2026-02-16 05:00:00
22,Elizabeth,Martinez,elizabeth.martinez.4707@nicolastesla.org,China,2025-12-15 16:00:00
23,Patricia,Gonzalez,patricia.gonzalez.1660@nicolastesla.org,Norway,2025-02-17 04:00:00
24,Sarah,Wilson,sarah.wilson.4684@nicolastesla.org,USA,2025-03-16 21:00:00
25,William,Johnson,william.johnson.2926@nicolastesla.org,Netherlands,2025-07-02 15:00:00
26,Jennifer,Williams,jennifer.williams.2619@nicolastesla.org,UK,2025-07-19 02:00:00
27,Barbara,Anderson,barbara.anderson.7514@nicolastesla.org,Netherlands,2025-12-31 21:00:00
28,Michael,Martin,michael.martin.7148@nicolastesla.org,Canada,2026-02-28 06:00:00
29,Charles,Brown,charles.brown.6991@nicolastesla.org,Switzerland,2025-09-04 13:00:00
30,Joseph,Brown,joseph.brown.8896@nicolastesla.org,Netherlands,2026-02-22 16:00:00
31,Robert,Taylor,robert.taylor.9544@nicolastesla.org,France,2025-07-06 16:00:00
32,Michael,Rodriguez,michael.rodriguez.8034@nicolastesla.org,Netherlands,2026-03-17 04:00:00
33,Susan,Martinez,susan.martinez.6151@nicolastesla.org,China,2025-02-10 03:00:00
34,Susan,Wilson,susan.wilson.1624@nicolastesla.org,China,2025-07-08 11:00:00
35,Jennifer,Hernandez,jennifer.hernandez.5928@nicolastesla.org,Netherlands,2025-07-19 20:00:00
36,Charles,Jones,charles.jones.2374@nicolastesla.org,Germany,2025-09-12 08:00:00
37,Richard,Miller,richard.miller.3016@nicolastesla.org,China,2025-06-05 17:00:00
38,Jessica,Wilson,jessica.wilson.9504@nicolastesla.org,Switzerland,2026-01-20 15:00:00
39,Thomas,Martin,thomas.martin.3968@nicolastesla.org,China,2025-04-22 03:00:00
40,Sarah,Rodriguez,sarah.rodriguez.2232@nicolastesla.org,UK,2025-04-25 04:00:00
41,Joseph,Martinez,joseph.martinez.7681@nicolastesla.org,China,2025-07-09 12:00:00
42,Thomas,Gonzalez,thomas.gonzalez.9066@nicolastesla.org,Netherlands,2025-06-07 18:00:00
43,William,Smith,william.smith.7593@nicolastesla.org,Canada,2025-08-06 21:00:00
44,Robert,Lopez,robert.lopez.503@nicolastesla.org,China,2025-01-05 20:00:00
45,Linda,Williams,linda.williams.9938@nicolastesla.org,France,2025-08-06 13:00:00
46,Joseph,Jones,joseph.jones.5631@nicolastesla.org,USA,2025-04-18 23:00:00
47,Patricia,Jackson,patricia.jackson.6146@nicolastesla.org,Norway,2025-10-05 02:00:00
48,Sarah,Wilson,sarah.wilson.3707@nicolastesla.org,Switzerland,2025-08-18 05:00:00
49,Barbara,Williams,barbara.williams.4731@nicolastesla.org,Netherlands,2025-04-12 13:00:00
50,Robert,Rodriguez,robert.rodriguez.4869@nicolastesla.org,USA,2026-03-03 00:00:00
51,Richard,Garcia,richard.garcia.5924@nicolastesla.org,China,2025-12-21 15:00:00
52,Elizabeth,Hernandez,elizabeth.hernandez.5961@nicolastesla.org,Canada,2025-05-28 00:00:00
53,Barbara,Wilson,barbara.wilson.6956@nicolastesla.org,China,2026-03-08 17:00:00
54,Joseph,Johnson,joseph.johnson.7486@nicolastesla.org,USA,2025-03-08 17:00:00
55,Charles,Davis,charles.davis.3756@nicolastesla.org,UK,2025-09-19 05:00:00
56,John,Wilson,john.wilson.7155@nicolastesla.org,Switzerland,2026-01-26 15:00:00
57,Karen,Johnson,karen.johnson.3895@nicolastesla.org,UK,2026-03-20 00:00:00
58,Linda,Gonzalez,linda.gonzalez.3885@nicolastesla.org,USA,2025-08-08 13:00:00
59,James,Smith,james.smith.3946@nicolastesla.org,Germany,2025-08-06 05:00:00
60,Linda,Williams,linda.williams.4556@nicolastesla.org,Germany,2026-02-09 15:00:00
61,Susan,Taylor,susan.taylor.4035@nicolastesla.org,China,2025-02-19 13:00:00
62,Robert,Anderson,robert.anderson.9366@nicolastesla.org,Switzerland,2025-07-11 12:00:00
63,Richard,Jackson,richard.jackson.1793@nicolastesla.org,Switzerland,2025-08-28 20:00:00
64,John,Miller,john.miller.7848@nicolastesla.org,UK,2025-03-05 15:00:00
65,Joseph,Moore,joseph.moore.957@nicolastesla.org,Norway,2025-06-09 23:00:00
66,Patricia,Hernandez,patricia.hernandez.7756@nicolastesla.org,Germany,2025-01-23 15:00:00
67,Karen,Anderson,karen.anderson.3595@nicolastesla.org,Norway,2025-08-05 07:00:00
68,Elizabeth,Martinez,elizabeth.martinez.2245@nicolastesla.org,Netherlands,2025-12-03 05:00:00
69,Susan,Miller,susan.miller.3211@nicolastesla.org,UK,2025-08-08 21:00:00
70,Karen,Brown,karen.brown.7512@nicolastesla.org,Netherlands,2025-10-01 21:00:00
71,John,Jackson,john.jackson.2850@nicolastesla.org,USA,2025-03-25 22:00:00
72,Mary,Moore,mary.moore.9524@nicolastesla.org,Switzerland,2025-09-28 15:00:00
73,Joseph,Taylor,joseph.taylor.5831@nicolastesla.org,China,2025-08-22 08:00:00
74,John,Thomas,john.thomas.5860@nicolastesla.org,Netherlands,2025-12-16 21:00:00
75,Robert,Martinez,robert.martinez.4823@nicolastesla.org,France,2025-03-07 00:00:00
76,John,Gonzalez,john.gonzalez.6166@nicolastesla.org,Norway,2025-07-23 02:00:00
77,Linda,Hernandez,linda.hernandez.5859@nicolastesla.org,Switzerland,2025-12-28 01:00:00
78,David,Smith,david.smith.6846@nicolastesla.org,Canada,2025-06-12 00:00:00
79,Jennifer,Jackson,jennifer.jackson.5268@nicolastesla.org,Switzerland,2026-03-02 06:00:00
80,Sarah,Martin,sarah.martin.972@nicolastesla.org,Netherlands,2025-05-23 09:00:00
81,Charles,Anderson,charles.anderson.8308@nicolastesla.org,Norway,2025-08-11 00:00:00
82,Elizabeth,Lopez,elizabeth.lopez.1360@nicolastesla.org,Netherlands,2025-04-02 15:00:00
83,Michael,Brown,michael.brown.1699@nicolastesla.org,USA,2025-09-07 06:00:00
84,Robert,Miller,robert.miller.4044@nicolastesla.org,China,2025-04-10 04:00:00
85,Charles,Miller,charles.miller.4473@nicolastesla.org,Germany,2026-01-08 18:00:00
86,Jessica,Brown,jessica.brown.1022@nicolastesla.org,Germany,2026-02-12 23:00:00
87,Michael,Thomas,michael.thomas.5795@nicolastesla.org,China,2025-06-13 11:00:00
88,Sarah,Jackson,sarah.jackson.1643@nicolastesla.org,France,2025-10-22 04:00:00
89,Jessica,Jones,jessica.jones.5115@nicolastesla.org,Switzerland,2025-10-21 18:00:00
90,Charles,Thomas,charles.thomas.6830@nicolastesla.org,China,2025-08-06 01:00:00
91,Susan,Moore,susan.moore.2799@nicolastesla.org,France,2026-01-22 08:00:00
92,Michael,Thomas,michael.thomas.4514@nicolastesla.org,France,2025-12-19 16:00:00
93,Thomas,Taylor,thomas.taylor.2315@nicolastesla.org,Germany,2025-03-28 06:00:00
94,David,Anderson,david.anderson.1704@nicolastesla.org,Norway,2025-04-30 05:00:00
95,Linda,Davis,linda.davis.4981@nicolastesla.org,Canada,2025-10-26 04:00:00
96,John,Moore,john.moore.5531@nicolastesla.org,Germany,2025-04-05 19:00:00
97,David,Martinez,david.martinez.7354@nicolastesla.org,USA,2025-11-12 23:00:00
98,William,Gonzalez,william.gonzalez.5946@nicolastesla.org,Canada,2026-02-17 10:00:00
99,Joseph,Jackson,joseph.jackson.128@nicolastesla.org,France,2026-02-17 19:00:00
100,James,Davis,james.davis.4467@nicolastesla.org,Switzerland,2025-12-29 12:00:00
101,Jessica,Taylor,jessica.taylor.3302@nicolastesla.org,France,2025-03-26 22:00:00
102,Robert,Thomas,robert.thomas.2091@nicolastesla.org,France,2025-02-16 02:00:00
103,Joseph,Martin,joseph.martin.2468@nicolastesla.org,USA,2025-01-03 02:00:00
104,Jessica,Jackson,jessica.jackson.3638@nicolastesla.org,Germany,2025-07-06 01:00:00
105,Jessica,Rodriguez,jessica.rodriguez.8832@nicolastesla.org,Germany,2026-02-19 04:00:00
106,Michael,Garcia,michael.garcia.175@nicolastesla.org,USA,2026-02-19 12:00:00
107,Sarah,Davis,sarah.davis.9461@nicolastesla.org,China,2025-03-06 22:00:00
108,Jennifer,Jones,jennifer.jones.6308@nicolastesla.org,USA,2025-04-19 14:00:00
109,Barbara,Johnson,barbara.johnson.3476@nicolastesla.org,Switzerland,2025-12-26 19:00:00
110,Jennifer,Davis,jennifer.davis.1569@nicolastesla.org,Canada,2025-09-28 16:00:00
111,Richard,Lopez,richard.lopez.8480@nicolastesla.org,USA,2025-06-20 13:00:00
112,Elizabeth,Brown,elizabeth.brown.8936@nicolastesla.org,UK,2025-10-05 07:00:00
113,Linda,Miller,linda.miller.4987@nicolastesla.org,UK,2026-01-11 11:00:00
114,Sarah,Miller,sarah.miller.7365@nicolastesla.org,Norway,2025-01-16 05:00:00
115,Patricia,Jones,patricia.jones.714@nicolastesla.org,China,2025-07-02 19:00:00
116,Elizabeth,Wilson,elizabeth.wilson.2174@nicolastesla.org,France,2025-05-19 22:00:00
117,Mary,Lopez,mary.lopez.7294@nicolastesla.org,USA,2025-05-19 03:00:00
118,Thomas,Lopez,thomas.lopez.5417@nicolastesla.org,Netherlands,2025-10-17 10:00:00
119,Jennifer,Gonzalez,jennifer.gonzalez.2559@nicolastesla.org,Switzerland,2025-05-10 14:00:00
120,Barbara,Anderson,barbara.anderson.5731@nicolastesla.org,France,2025-09-27 17:00:00
121,Patricia,Smith,patricia.smith.3094@nicolastesla.org,Norway,2025-01-14 01:00:00
122,David,Gonzalez,david.gonzalez.4732@nicolastesla.org,China,2025-04-29 12:00:00
123,Sarah,Martinez,sarah.martinez.4347@nicolastesla.org,Netherlands,2025-05-06 20:00:00
124,Barbara,Thomas,barbara.thomas.3848@nicolastesla.org,France,2025-06-18 23:00:00
125,Patricia,Smith,patricia.smith.8518@nicolastesla.org,Norway,2026-01-12 17:00:00
126,John,Martin,john.martin.9288@nicolastesla.org,Norway,2026-02-22 16:00:00
127,Sarah,Rodriguez,sarah.rodriguez.270@nicolastesla.org,France,2025-04-01 21:00:00
128,Jennifer,Rodriguez,jennifer.rodriguez.9362@nicolastesla.org,Norway,2025-06-26 08:00:00
129,David,Rodriguez,david.rodriguez.6188@nicolastesla.org,UK,2026-02-06 16:00:00
130,Joseph,Miller,joseph.miller.753@nicolastesla.org,China,2025-03-16 07:00:00
131,Barbara,Martinez,barbara.martinez.8573@nicolastesla.org,France,2025-06-28 09:00:00
132,Jessica,Anderson,jessica.anderson.8775@nicolastesla.org,Germany,2025-07-16 04:00:00
133,Jennifer,Gonzalez,jennifer.gonzalez.707@nicolastesla.org,Switzerland,2025-09-30 03:00:00
134,Jessica,Gonzalez,jessica.gonzalez.7684@nicolastesla.org,USA,2025-03-16 14:00:00
135,Barbara,Anderson,barbara.anderson.4789@nicolastesla.org,China,2025-07-13 23:00:00
136,Joseph,Moore,joseph.moore.7998@nicolastesla.org,Switzerland,2025-08-20 01:00:00
137,Michael,Wilson,michael.wilson.6785@nicolastesla.org,Netherlands,2026-03-10 17:00:00
138,Charles,Williams,charles.williams.8815@nicolastesla.org,Canada,2025-03-05 20:00:00
139,Barbara,Anderson,barbara.anderson.137@nicolastesla.org,France,2025-02-01 14:00:00
140,Michael,Lopez,michael.lopez.680@nicolastesla.org,Germany,2025-02-14 19:00:00
141,Elizabeth,Wilson,elizabeth.wilson.7475@nicolastesla.org,Switzerland,2025-06-16 13:00:00
142,Elizabeth,Miller,elizabeth.miller.3495@nicolastesla.org,Norway,2025-09-18 17:00:00
143,Linda,Anderson,linda.anderson.9327@nicolastesla.org,Switzerland,2025-11-08 15:00:00
144,Patricia,Taylor,patricia.taylor.3075@nicolastesla.org,USA,2025-04-14 00:00:00
145,Susan,Davis,susan.davis.4465@nicolastesla.org,Netherlands,2025-12-30 03:00:00
146,Robert,Gonzalez,robert.gonzalez.3901@nicolastesla.org,China,2025-11-06 14:00:00
147,Patricia,Martinez,patricia.martinez.6083@nicolastesla.org,France,2026-01-19 04:00:00
148,Mary,Smith,mary.smith.3198@nicolastesla.org,UK,2025-03-24 13:00:00
149,Charles,Davis,charles.davis.8194@nicolastesla.org,USA,2025-10-02 06:00:00
150,James,Jones,james.jones.2984@nicolastesla.org,Netherlands,2025-09-11 02:00:00
151,Susan,Lopez,susan.lopez.7748@nicolastesla.org,Canada,2025-11-22 13:00:00
152,Susan,Jones,susan.jones.1439@nicolastesla.org,China,2025-05-16 16:00:00
153,Jessica,Smith,jessica.smith.9207@nicolastesla.org,Netherlands,2025-10-26 17:00:00
154,Robert,Thomas,robert.thomas.3790@nicolastesla.org,Norway,2025-09-17 01:00:00
155,Michael,Moore,michael.moore.9908@nicolastesla.org,China,2025-01-05 01:00:00
156,Thomas,Wilson,thomas.wilson.9791@nicolastesla.org,Switzerland,2025-12-19 12:00:00
157,Patricia,Smith,patricia.smith.8161@nicolastesla.org,Netherlands,2025-10-23 17:00:00
158,James,Williams,james.williams.8839@nicolastesla.org,Netherlands,2026-03-18 05:00:00
159,John,Anderson,john.anderson.2314@nicolastesla.org,Netherlands,2025-03-11 12:00:00
160,Michael,Davis,michael.davis.9489@nicolastesla.org,Netherlands,2025-05-23 03:00:00
161,James,Jackson,james.jackson.7162@nicolastesla.org,UK,2026-02-10 04:00:00
162,Jennifer,Johnson,jennifer.johnson.5873@nicolastesla.org,USA,2025-10-01 04:00:00
163,Sarah,Hernandez,sarah.hernandez.5138@nicolastesla.org,Germany,2025-04-22 21:00:00
164,Mary,Miller,mary.miller.3561@nicolastesla.org,Switzerland,2025-10-27 20:00:00
165,Charles,Johnson,charles.johnson.7542@nicolastesla.org,Germany,2025-05-05 00:00:00
166,Karen,Johnson,karen.johnson.3018@nicolastesla.org,Netherlands,2025-11-27 14:00:00
167,James,Rodriguez,james.rodriguez.2443@nicolastesla.org,Germany,2025-04-09 15:00:00
168,Linda,Martin,linda.martin.6054@nicolastesla.org,France,2025-12-25 05:00:00
169,Richard,Jackson,richard.jackson.7508@nicolastesla.org,Switzerland,2025-05-11 10:00:00
170,Thomas,Moore,thomas.moore.4858@nicolastesla.org,France,2025-08-28 18:00:00
171,Richard,Garcia,richard.garcia.7572@nicolastesla.org,Switzerland,2025-05-06 05:00:00
172,Jennifer,Jones,jennifer.jones.2877@nicolastesla.org,UK,2025-06-04 09:00:00
173,James,Brown,james.brown.903@nicolastesla.org,UK,2025-01-24 01:00:00
174,Jessica,Brown,jessica.brown.7099@nicolastesla.org,USA,2025-06-29 02:00:00
175,Mary,Lopez,mary.lopez.7446@nicolastesla.org,UK,2025-09-17 00:00:00
176,Robert,Garcia,robert.garcia.3597@nicolastesla.org,Norway,2025-12-01 08:00:00
177,Karen,Smith,karen.smith.3519@nicolastesla.org,Switzerland,2025-07-04 04:00:00
178,Susan,Williams,susan.williams.8252@nicolastesla.org,Norway,2025-04-29 17:00:00
179,Patricia,Garcia,patricia.garcia.8153@nicolastesla.org,Switzerland,2026-01-20 19:00:00
180,Susan,Hernandez,susan.hernandez.4150@nicolastesla.org,UK,2025-08-29 20:00:00
181,Elizabeth,Williams,elizabeth.williams.1191@nicolastesla.org,Norway,2025-05-23 01:00:00
182,Elizabeth,Taylor,elizabeth.taylor.7488@nicolastesla.org,China,2025-02-01 00:00:00
183,Richard,Hernandez,richard.hernandez.1802@nicolastesla.org,UK,2026-01-09 05:00:00
184,Elizabeth,Miller,elizabeth.miller.2226@nicolastesla.org,UK,2025-09-09 04:00:00
185,Robert,Gonzalez,robert.gonzalez.104@nicolastesla.org,Germany,2025-02-25 15:00:00
186,William,Jones,william.jones.6333@nicolastesla.org,Canada,2025-06-21 20:00:00
187,John,Anderson,john.anderson.5228@nicolastesla.org,Germany,2026-02-11 05:00:00
188,Jennifer,Smith,jennifer.smith.3051@nicolastesla.org,Germany,2026-02-26 10:00:00
189,Jessica,Anderson,jessica.anderson.7458@nicolastesla.org,Canada,2026-01-27 02:00:00
190,Jessica,Wilson,jessica.wilson.8649@nicolastesla.org,China,2026-01-03 08:00:00
191,Karen,Smith,karen.smith.9227@nicolastesla.org,France,2026-01-15 21:00:00
192,Karen,Gonzalez,karen.gonzalez.1217@nicolastesla.org,Germany,2025-12-04 08:00:00
193,Susan,Thomas,susan.thomas.2302@nicolastesla.org,Canada,2025-02-01 12:00:00
194,William,Anderson,william.anderson.8678@nicolastesla.org,China,2025-11-07 15:00:00
195,Michael,Garcia,michael.garcia.187@nicolastesla.org,China,2025-03-09 00:00:00
196,Susan,Jackson,susan.jackson.3785@nicolastesla.org,China,2025-10-29 03:00:00
197,Mary,Hernandez,mary.hernandez.2876@nicolastesla.org,Canada,2025-05-26 21:00:00
198,Susan,Moore,susan.moore.8217@nicolastesla.org,Norway,2026-02-16 06:00:00
199,Elizabeth,Wilson,elizabeth.wilson.1582@nicolastesla.org,Norway,2026-02-03 04:00:00
200,Robert,Jackson,robert.jackson.1946@nicolastesla.org,UK,2026-03-23 11:00:00
201,John,Martin,john.martin.9096@nicolastesla.org,Canada,2025-08-29 07:00:00
202,John,Anderson,john.anderson.7831@nicolastesla.org,Switzerland,2026-02-12 15:00:00
203,James,Moore,james.moore.5106@nicolastesla.org,Canada,2026-03-26 00:00:00
204,Patricia,Anderson,patricia.anderson.7911@nicolastesla.org,China,2025-09-02 21:00:00
205,Linda,Miller,linda.miller.549@nicolastesla.org,France,2025-10-18 16:00:00
206,Jessica,Martinez,jessica.martinez.9416@nicolastesla.org,Canada,2025-07-24 08:00:00
207,Barbara,Garcia,barbara.garcia.5551@nicolastesla.org,UK,2025-08-08 13:00:00
208,David,Garcia,david.garcia.463@nicolastesla.org,France,2025-09-11 13:00:00
209,Robert,Taylor,robert.taylor.4394@nicolastesla.org,Switzerland,2026-02-13 03:00:00
210,Jennifer,Rodriguez,jennifer.rodriguez.3947@nicolastesla.org,France,2025-05-04 23:00:00
211,Jessica,Thomas,jessica.thomas.1922@nicolastesla.org,Canada,2025-12-30 11:00:00
212,Sarah,Taylor,sarah.taylor.9417@nicolastesla.org,Canada,2025-06-26 06:00:00
213,Sarah,Anderson,sarah.anderson.3506@nicolastesla.org,Netherlands,2025-08-20 16:00:00
214,Elizabeth,Smith,elizabeth.smith.4993@nicolastesla.org,Canada,2025-07-19 00:00:00
215,John,Brown,john.brown.9648@nicolastesla.org,Netherlands,2025-04-26 13:00:00
216,John,Taylor,john.taylor.8243@nicolastesla.org,China,2025-10-29 20:00:00
217,Sarah,Miller,sarah.miller.8284@nicolastesla.org,Norway,2025-05-02 06:00:00
218,Thomas,Brown,thomas.brown.3408@nicolastesla.org,France,2025-12-12 00:00:00
219,Thomas,Smith,thomas.smith.8905@nicolastesla.org,Switzerland,2025-06-14 14:00:00
220,Linda,Hernandez,linda.hernandez.9686@nicolastesla.org,China,2025-10-25 13:00:00
221,Charles,Thomas,charles.thomas.1628@nicolastesla.org,Norway,2025-01-07 00:00:00
222,Linda,Jones,linda.jones.8615@nicolastesla.org,Canada,2025-09-12 13:00:00
223,Michael,Brown,michael.brown.7648@nicolastesla.org,Netherlands,2025-08-11 09:00:00
224,Charles,Moore,charles.moore.4484@nicolastesla.org,Netherlands,2025-02-12 09:00:00
225,Joseph,Martin,joseph.martin.7718@nicolastesla.org,France,2025-12-04 14:00:00
226,Richard,Gonzalez,richard.gonzalez.9019@nicolastesla.org,Germany,2025-09-12 23:00:00
227,Elizabeth,Rodriguez,elizabeth.rodriguez.6247@nicolastesla.org,France,2025-03-22 05:00:00
228,Karen,Hernandez,karen.hernandez.6961@nicolastesla.org,China,2026-02-21 08:00:00
229,Barbara,Garcia,barbara.garcia.810@nicolastesla.org,Canada,2025-07-17 02:00:00
230,Michael,Thomas,michael.thomas.1571@nicolastesla.org,France,2026-03-19 10:00:00
231,Thomas,Thomas,thomas.thomas.9791@nicolastesla.org,UK,2025-10-24 00:00:00
232,Robert,Jones,robert.jones.7849@nicolastesla.org,China,2025-05-28 06:00:00
233,James,Davis,james.davis.8352@nicolastesla.org,France,2025-09-11 12:00:00
234,Linda,Hernandez,linda.hernandez.3496@nicolastesla.org,USA,2025-12-17 21:00:00
235,Jessica,Wilson,jessica.wilson.2228@nicolastesla.org,Canada,2025-01-11 03:00:00
236,Joseph,Gonzalez,joseph.gonzalez.520@nicolastesla.org,Norway,2026-03-19 12:00:00
237,Jennifer,Gonzalez,jennifer.gonzalez.1260@nicolastesla.org,China,2025-02-21 12:00:00
238,Linda,Davis,linda.davis.6047@nicolastesla.org,China,2025-11-21 05:00:00
239,Charles,Garcia,charles.garcia.1519@nicolastesla.org,USA,2025-07-27 21:00:00
240,Karen,Williams,karen.williams.3632@nicolastesla.org,Norway,2025-03-28 13:00:00
241,Richard,Williams,richard.williams.3131@nicolastesla.org,USA,2025-05-12 09:00:00
242,Joseph,Garcia,joseph.garcia.316@nicolastesla.org,China,2025-04-12 03:00:00
243,Charles,Garcia,charles.garcia.717@nicolastesla.org,Switzerland,2025-02-12 05:00:00
244,Charles,Anderson,charles.anderson.6509@nicolastesla.org,Canada,2025-12-27 17:00:00
245,Charles,Wilson,charles.wilson.2841@nicolastesla.org,Norway,2025-04-21 13:00:00
246,William,Brown,william.brown.410@nicolastesla.org,France,2025-03-28 10:00:00
247,Sarah,Hernandez,sarah.hernandez.2520@nicolastesla.org,France,2025-10-08 19:00:00
248,Michael,Taylor,michael.taylor.6495@nicolastesla.org,UK,2025-01-03 04:00:00
249,Robert,Garcia,robert.garcia.6745@nicolastesla.org,France,2025-04-14 14:00:00
250,David,Martinez,david.martinez.5728@nicolastesla.org,Germany,2025-09-04 18:00:00
251,Michael,Martinez,michael.martinez.466@nicolastesla.org,France,2025-05-08 19:00:00
252,Elizabeth,Taylor,elizabeth.taylor.8291@nicolastesla.org,Netherlands,2025-05-30 10:00:00
253,Richard,Lopez,richard.lopez.4057@nicolastesla.org,China,2025-06-26 10:00:00
254,Joseph,Martinez,joseph.martinez.9578@nicolastesla.org,USA,2025-05-31 23:00:00
255,Linda,Martinez,linda.martinez.2721@nicolastesla.org,Germany,2025-10-30 19:00:00
256,Linda,Williams,linda.williams.8303@nicolastesla.org,Germany,2026-01-06 14:00:00
257,Patricia,Thomas,patricia.thomas.603@nicolastesla.org,Netherlands,2025-10-07 14:00:00
258,Jessica,Lopez,jessica.lopez.2172@nicolastesla.org,China,2025-02-15 12:00:00
259,Richard,Smith,richard.smith.580@nicolastesla.org,France,2025-11-12 21:00:00
260,Jessica,Brown,jessica.brown.7363@nicolastesla.org,Canada,2025-11-18 15:00:00
261,Richard,Brown,richard.brown.8427@nicolastesla.org,Norway,2025-02-21 17:00:00
262,Robert,Anderson,robert.anderson.6308@nicolastesla.org,Netherlands,2025-04-25 09:00:00
263,Michael,Miller,michael.miller.1917@nicolastesla.org,Switzerland,2025-03-10 23:00:00
264,Jessica,Martin,jessica.martin.6275@nicolastesla.org,Germany,2026-01-26 08:00:00
265,Michael,Garcia,michael.garcia.5279@nicolastesla.org,Canada,2025-04-01 16:00:00
266,Sarah,Williams,sarah.williams.4214@nicolastesla.org,Switzerland,2026-01-28 10:00:00
267,Thomas,Jones,thomas.jones.1480@nicolastesla.org,USA,2025-02-22 15:00:00
268,Patricia,Hernandez,patricia.hernandez.4335@nicolastesla.org,China,2025-12-18 07:00:00
269,James,Rodriguez,james.rodriguez.5925@nicolastesla.org,China,2026-03-12 12:00:00
270,Mary,Hernandez,mary.hernandez.362@nicolastesla.org,UK,2026-02-21 19:00:00
271,Robert,Rodriguez,robert.rodriguez.6132@nicolastesla.org,Switzerland,2026-01-16 09:00:00
272,Sarah,Gonzalez,sarah.gonzalez.8368@nicolastesla.org,Canada,2025-09-26 09:00:00
273,Mary,Martin,mary.martin.2331@nicolastesla.org,China,2025-09-29 07:00:00
274,Susan,Miller,susan.miller.8251@nicolastesla.org,Switzerland,2025-12-28 11:00:00
275,Barbara,Wilson,barbara.wilson.1668@nicolastesla.org,Norway,2026-02-25 20:00:00
276,Jennifer,Moore,jennifer.moore.1929@nicolastesla.org,France,2025-06-08 17:00:00
277,Barbara,Anderson,barbara.anderson.9081@nicolastesla.org,USA,2025-05-04 00:00:00
278,Jennifer,Martinez,jennifer.martinez.6441@nicolastesla.org,France,2025-01-25 10:00:00
279,Jennifer,Jones,jennifer.jones.1979@nicolastesla.org,USA,2025-05-07 04:00:00
280,James,Martinez,james.martinez.2843@nicolastesla.org,France,2025-07-18 00:00:00
281,Susan,Wilson,susan.wilson.7433@nicolastesla.org,UK,2025-03-24 14:00:00
282,Barbara,Jackson,barbara.jackson.4535@nicolastesla.org,Canada,2025-11-18 10:00:00
283,Robert,Wilson,robert.wilson.9382@nicolastesla.org,UK,2026-01-11 11:00:00
284,John,Martinez,john.martinez.2867@nicolastesla.org,Germany,2025-06-14 08:00:00
285,Michael,Anderson,michael.anderson.524@nicolastesla.org,Netherlands,2025-08-01 15:00:00
286,Mary,Lopez,mary.lopez.4701@nicolastesla.org,Germany,2026-01-06 16:00:00
287,Joseph,Garcia,joseph.garcia.5736@nicolastesla.org,Norway,2025-07-28 17:00:00
288,Karen,Garcia,karen.garcia.4847@nicolastesla.org,France,2026-02-28 22:00:00
289,Karen,Garcia,karen.garcia.7204@nicolastesla.org,China,2025-05-14 20:00:00
290,Linda,Jackson,linda.jackson.1392@nicolastesla.org,Canada,2025-09-18 21:00:00
291,William,Lopez,william.lopez.679@nicolastesla.org,UK,2025-10-22 14:00:00
292,Charles,Johnson,charles.johnson.7663@nicolastesla.org,Switzerland,2025-03-13 15:00:00
293,Mary,Davis,mary.davis.607@nicolastesla.org,UK,2025-12-27 23:00:00
294,Karen,Lopez,karen.lopez.1046@nicolastesla.org,UK,2025-05-21 18:00:00
295,John,Hernandez,john.hernandez.3560@nicolastesla.org,Norway,2025-04-25 04:00:00
296,Michael,Garcia,michael.garcia.9620@nicolastesla.org,Switzerland,2025-08-30 06:00:00
297,Richard,Martinez,richard.martinez.4205@nicolastesla.org,Norway,2025-04-28 14:00:00
298,Mary,Williams,mary.williams.7025@nicolastesla.org,USA,2026-02-04 19:00:00
299,Jennifer,Wilson,jennifer.wilson.8916@nicolastesla.org,Canada,2025-10-11 16:00:00
300,Joseph,Lopez,joseph.lopez.4764@nicolastesla.org,Switzerland,2026-01-28 04:00:00
301,Thomas,Brown,thomas.brown.777@nicolastesla.org,France,2026-03-16 02:00:00
302,John,Garcia,john.garcia.2149@nicolastesla.org,Switzerland,2025-01-23 22:00:00
303,Patricia,Wilson,patricia.wilson.8801@nicolastesla.org,China,2025-09-30 18:00:00
304,Richard,Smith,richard.smith.4382@nicolastesla.org,USA,2025-09-10 12:00:00
305,John,Miller,john.miller.9022@nicolastesla.org,USA,2025-10-20 13:00:00
306,John,Johnson,john.johnson.9115@nicolastesla.org,Switzerland,2025-08-22 13:00:00
307,Karen,Williams,karen.williams.4705@nicolastesla.org,China,2025-02-27 04:00:00
308,James,Garcia,james.garcia.3609@nicolastesla.org,USA,2025-09-06 14:00:00
309,William,Davis,william.davis.2201@nicolastesla.org,France,2025-10-21 20:00:00
310,William,Wilson,william.wilson.1360@nicolastesla.org,Switzerland,2025-07-28 22:00:00
311,Charles,Lopez,charles.lopez.2453@nicolastesla.org,Germany,2025-06-01 13:00:00
312,Richard,Brown,richard.brown.1322@nicolastesla.org,USA,2026-01-28 09:00:00
313,Michael,Hernandez,michael.hernandez.806@nicolastesla.org,Norway,2026-03-12 14:00:00
314,Karen,Lopez,karen.lopez.2729@nicolastesla.org,China,2026-01-02 23:00:00
315,Barbara,Wilson,barbara.wilson.2847@nicolastesla.org,France,2026-03-19 16:00:00
316,Jessica,Brown,jessica.brown.7719@nicolastesla.org,Switzerland,2025-04-01 01:00:00
317,Charles,Martin,charles.martin.2692@nicolastesla.org,Norway,2025-12-25 14:00:00
318,Susan,Hernandez,susan.hernandez.1205@nicolastesla.org,UK,2025-12-27 16:00:00
319,Elizabeth,Anderson,elizabeth.anderson.1208@nicolastesla.org,Germany,2025-12-31 16:00:00
320,Susan,Williams,susan.williams.4299@nicolastesla.org,Germany,2026-02-10 22:00:00
321,William,Miller,william.miller.5084@nicolastesla.org,Switzerland,2025-07-29 14:00:00
322,Michael,Gonzalez,michael.gonzalez.3892@nicolastesla.org,USA,2025-02-01 12:00:00
323,William,Smith,william.smith.6337@nicolastesla.org,China,2025-09-22 06:00:00
324,Sarah,Martin,sarah.martin.7232@nicolastesla.org,Norway,2025-10-13 21:00:00
325,Thomas,Wilson,thomas.wilson.5384@nicolastesla.org,UK,2025-10-28 20:00:00
326,Charles,Anderson,charles.anderson.3750@nicolastesla.org,Switzerland,2025-06-18 23:00:00
327,William,Jackson,william.jackson.2252@nicolastesla.org,Canada,2025-10-02 07:00:00
328,Barbara,Moore,barbara.moore.4895@nicolastesla.org,China,2025-06-03 18:00:00
329,William,Brown,william.brown.3218@nicolastesla.org,USA,2025-10-31 18:00:00
330,Patricia,Jones,patricia.jones.3436@nicolastesla.org,UK,2025-04-26 22:00:00
331,Thomas,Wilson,thomas.wilson.3418@nicolastesla.org,France,2025-01-25 00:00:00
332,Charles,Jackson,charles.jackson.5635@nicolastesla.org,Canada,2025-09-04 12:00:00
333,Patricia,Brown,patricia.brown.655@nicolastesla.org,USA,2025-07-18 12:00:00
334,David,Jackson,david.jackson.9848@nicolastesla.org,Germany,2026-03-14 15:00:00
335,Richard,Gonzalez,richard.gonzalez.9352@nicolastesla.org,Germany,2025-08-27 23:00:00
336,Barbara,Rodriguez,barbara.rodriguez.1877@nicolastesla.org,Canada,2025-07-13 03:00:00
337,Susan,Martin,susan.martin.2891@nicolastesla.org,USA,2025-02-20 08:00:00
338,James,Williams,james.williams.6958@nicolastesla.org,Norway,2025-10-24 11:00:00
339,Jessica,Gonzalez,jessica.gonzalez.9634@nicolastesla.org,France,2025-07-04 22:00:00
340,Jennifer,Lopez,jennifer.lopez.1759@nicolastesla.org,Switzerland,2025-07-27 00:00:00
341,Richard,Rodriguez,richard.rodriguez.383@nicolastesla.org,USA,2025-01-04 09:00:00
342,Patricia,Anderson,patricia.anderson.3462@nicolastesla.org,Netherlands,2025-02-13 15:00:00
343,Jessica,Johnson,jessica.johnson.5568@nicolastesla.org,USA,2025-08-20 06:00:00
344,Joseph,Miller,joseph.miller.3416@nicolastesla.org,Netherlands,2025-04-28 00:00:00
345,Elizabeth,Hernandez,elizabeth.hernandez.4516@nicolastesla.org,Norway,2026-01-06 12:00:00
346,Sarah,Anderson,sarah.anderson.7409@nicolastesla.org,UK,2025-09-24 06:00:00
347,Sarah,Williams,sarah.williams.600@nicolastesla.org,Norway,2025-03-21 05:00:00
348,Sarah,Martin,sarah.martin.9205@nicolastesla.org,Switzerland,2026-03-27 11:00:00
349,Karen,Williams,karen.williams.1254@nicolastesla.org,UK,2025-07-27 04:00:00
350,Mary,Hernandez,mary.hernandez.6126@nicolastesla.org,Canada,2025-06-18 16:00:00
351,Sarah,Anderson,sarah.anderson.2721@nicolastesla.org,Canada,2026-02-17 00:00:00
352,John,Anderson,john.anderson.7388@nicolastesla.org,Norway,2025-04-07 01:00:00
353,Elizabeth,Johnson,elizabeth.johnson.8003@nicolastesla.org,UK,2026-01-16 05:00:00
354,Michael,Gonzalez,michael.gonzalez.5528@nicolastesla.org,UK,2025-06-08 09:00:00
355,Linda,Garcia,linda.garcia.7220@nicolastesla.org,UK,2025-06-09 23:00:00
356,Thomas,Garcia,thomas.garcia.4993@nicolastesla.org,Germany,2025-05-22 10:00:00
357,Mary,Gonzalez,mary.gonzalez.9436@nicolastesla.org,Norway,2025-01-29 17:00:00
358,Robert,Martinez,robert.martinez.1594@nicolastesla.org,Canada,2025-09-10 02:00:00
359,Robert,Johnson,robert.johnson.2289@nicolastesla.org,Norway,2025-12-18 00:00:00
360,Charles,Thomas,charles.thomas.3598@nicolastesla.org,China,2025-04-16 21:00:00
361,Linda,Davis,linda.davis.7095@nicolastesla.org,Germany,2025-12-17 16:00:00
362,Robert,Brown,robert.brown.5689@nicolastesla.org,USA,2025-11-13 00:00:00
363,Linda,Gonzalez,linda.gonzalez.284@nicolastesla.org,USA,2025-12-13 21:00:00
364,James,Davis,james.davis.432@nicolastesla.org,Switzerland,2025-06-01 17:00:00
365,Barbara,Martin,barbara.martin.669@nicolastesla.org,Switzerland,2026-01-03 05:00:00
366,Elizabeth,Jones,elizabeth.jones.7831@nicolastesla.org,Switzerland,2025-09-30 04:00:00
367,William,Williams,william.williams.8496@nicolastesla.org,China,2025-09-27 13:00:00
368,Jessica,Wilson,jessica.wilson.1098@nicolastesla.org,China,2025-11-21 22:00:00
369,Richard,Miller,richard.miller.6006@nicolastesla.org,Canada,2025-12-11 07:00:00
370,David,Jackson,david.jackson.1968@nicolastesla.org,China,2025-03-05 04:00:00
371,Jennifer,Johnson,jennifer.johnson.5194@nicolastesla.org,China,2025-10-21 00:00:00
372,Sarah,Garcia,sarah.garcia.7944@nicolastesla.org,France,2025-03-17 07:00:00
373,Patricia,Anderson,patricia.anderson.2910@nicolastesla.org,Germany,2025-09-29 10:00:00
374,James,Wilson,james.wilson.5330@nicolastesla.org,France,2025-01-09 11:00:00
375,Robert,Gonzalez,robert.gonzalez.1592@nicolastesla.org,Netherlands,2025-06-21 07:00:00
376,Michael,Lopez,michael.lopez.4270@nicolastesla.org,Germany,2025-05-29 17:00:00
377,John,Martinez,john.martinez.4597@nicolastesla.org,France,2025-12-24 20:00:00
378,David,Johnson,david.johnson.9466@nicolastesla.org,Norway,2025-09-26 12:00:00
379,Barbara,Miller,barbara.miller.1973@nicolastesla.org,UK,2026-03-27 05:00:00
380,Elizabeth,Martinez,elizabeth.martinez.1960@nicolastesla.org,UK,2025-04-23 15:00:00
381,David,Smith,david.smith.3950@nicolastesla.org,Germany,2025-01-05 20:00:00
382,Mary,Wilson,mary.wilson.8180@nicolastesla.org,Switzerland,2025-02-02 20:00:00
383,Charles,Lopez,charles.lopez.6372@nicolastesla.org,China,2025-04-25 12:00:00
384,James,Lopez,james.lopez.4018@nicolastesla.org,USA,2025-04-20 08:00:00
385,John,Gonzalez,john.gonzalez.9014@nicolastesla.org,UK,2026-02-13 02:00:00
386,Robert,Williams,robert.williams.6507@nicolastesla.org,Norway,2025-12-08 08:00:00
387,Michael,Jones,michael.jones.9094@nicolastesla.org,USA,2025-02-02 08:00:00
388,Linda,Jones,linda.jones.7013@nicolastesla.org,UK,2026-02-05 02:00:00
389,Linda,Garcia,linda.garcia.9383@nicolastesla.org,Netherlands,2025-10-21 08:00:00
390,Robert,Hernandez,robert.hernandez.3711@nicolastesla.org,Germany,2025-12-13 23:00:00
391,Patricia,Taylor,patricia.taylor.1449@nicolastesla.org,Canada,2025-12-15 19:00:00
392,Richard,Williams,richard.williams.9508@nicolastesla.org,Netherlands,2026-03-02 06:00:00
393,Richard,Hernandez,richard.hernandez.1209@nicolastesla.org,USA,2026-02-25 02:00:00
394,Robert,Wilson,robert.wilson.3045@nicolastesla.org,Norway,2025-04-19 19:00:00
395,Mary,Taylor,mary.taylor.127@nicolastesla.org,USA,2025-01-17 09:00:00
396,Mary,Lopez,mary.lopez.162@nicolastesla.org,France,2025-04-15 01:00:00
397,David,Williams,david.williams.4847@nicolastesla.org,Canada,2025-07-14 23:00:00
398,Karen,Martinez,karen.martinez.2289@nicolastesla.org,UK,2026-01-31 02:00:00
399,Robert,Moore,robert.moore.4308@nicolastesla.org,Norway,2025-04-11 20:00:00
400,Elizabeth,Hernandez,elizabeth.hernandez.8080@nicolastesla.org,Netherlands,2025-04-20 10:00:00
401,Sarah,Martin,sarah.martin.5424@nicolastesla.org,Netherlands,2026-03-02 14:00:00
402,Patricia,Miller,patricia.miller.312@nicolastesla.org,China,2025-10-07 09:00:00
403,Thomas,Brown,thomas.brown.291@nicolastesla.org,Germany,2025-07-21 05:00:00
404,William,Moore,william.moore.7274@nicolastesla.org,Germany,2025-03-25 23:00:00
405,Karen,Rodriguez,karen.rodriguez.8971@nicolastesla.org,Netherlands,2026-02-21 04:00:00
406,Michael,Garcia,michael.garcia.5900@nicolastesla.org,Netherlands,2025-07-21 17:00:00
407,Richard,Johnson,richard.johnson.8887@nicolastesla.org,Switzerland,2026-01-17 13:00:00
408,Joseph,Moore,joseph.moore.6777@nicolastesla.org,France,2025-02-03 18:00:00
409,Michael,Jones,michael.jones.6643@nicolastesla.org,Germany,2026-02-25 02:00:00
410,Thomas,Taylor,thomas.taylor.4928@nicolastesla.org,Germany,2025-08-30 09:00:00
411,James,Smith,james.smith.1442@nicolastesla.org,Canada,2026-03-03 21:00:00
412,Joseph,Martin,joseph.martin.4362@nicolastesla.org,UK,2025-01-07 03:00:00
413,Karen,Williams,karen.williams.8409@nicolastesla.org,UK,2025-07-31 09:00:00
414,Sarah,Brown,sarah.brown.525@nicolastesla.org,China,2025-07-25 09:00:00
415,Jessica,Martinez,jessica.martinez.4748@nicolastesla.org,China,2025-07-25 06:00:00
416,James,Brown,james.brown.6965@nicolastesla.org,Canada,2025-06-23 23:00:00
417,Mary,Hernandez,mary.hernandez.5849@nicolastesla.org,Norway,2025-04-01 21:00:00
418,Michael,Martinez,michael.martinez.2151@nicolastesla.org,Netherlands,2025-04-22 11:00:00
419,Sarah,Smith,sarah.smith.6493@nicolastesla.org,Norway,2025-09-13 11:00:00
420,Susan,Moore,susan.moore.8916@nicolastesla.org,Norway,2025-07-13 14:00:00
421,Mary,Johnson,mary.johnson.573@nicolastesla.org,France,2025-11-13 09:00:00
422,Linda,Johnson,linda.johnson.2841@nicolastesla.org,Netherlands,2025-11-01 20:00:00
423,James,Moore,james.moore.4048@nicolastesla.org,Germany,2025-08-06 12:00:00
424,Elizabeth,Anderson,elizabeth.anderson.7567@nicolastesla.org,France,2025-08-10 03:00:00
425,David,Lopez,david.lopez.3455@nicolastesla.org,Canada,2025-06-18 13:00:00
426,Thomas,Jackson,thomas.jackson.2235@nicolastesla.org,Canada,2025-02-09 20:00:00
427,Richard,Smith,richard.smith.6040@nicolastesla.org,Norway,2025-04-24 02:00:00
428,David,Martinez,david.martinez.4418@nicolastesla.org,Germany,2025-09-26 22:00:00
429,Patricia,Martinez,patricia.martinez.940@nicolastesla.org,China,2025-04-25 00:00:00
430,Joseph,Brown,joseph.brown.9624@nicolastesla.org,Germany,2025-03-17 21:00:00
431,Susan,Hernandez,susan.hernandez.742@nicolastesla.org,France,2025-12-18 13:00:00
432,Joseph,Hernandez,joseph.hernandez.9514@nicolastesla.org,China,2025-05-19 21:00:00
433,Linda,Wilson,linda.wilson.5993@nicolastesla.org,Switzerland,2026-01-03 11:00:00
434,Mary,Wilson,mary.wilson.3501@nicolastesla.org,Netherlands,2025-10-12 01:00:00
435,Linda,Lopez,linda.lopez.2801@nicolastesla.org,France,2026-03-05 10:00:00
436,Joseph,Davis,joseph.davis.880@nicolastesla.org,UK,2025-09-11 12:00:00
437,Charles,Thomas,charles.thomas.5797@nicolastesla.org,USA,2025-08-27 19:00:00
438,Elizabeth,Davis,elizabeth.davis.4210@nicolastesla.org,USA,2025-07-03 03:00:00
439,Sarah,Anderson,sarah.anderson.9584@nicolastesla.org,Germany,2026-03-13 21:00:00
440,James,Hernandez,james.hernandez.1772@nicolastesla.org,China,2026-02-20 21:00:00
441,Susan,Wilson,susan.wilson.1909@nicolastesla.org,China,2025-03-22 08:00:00
442,William,Lopez,william.lopez.2741@nicolastesla.org,UK,2025-03-17 19:00:00
443,William,Rodriguez,william.rodriguez.9784@nicolastesla.org,USA,2025-09-24 01:00:00
444,Patricia,Jones,patricia.jones.7950@nicolastesla.org,Netherlands,2025-12-30 05:00:00
445,Linda,Davis,linda.davis.3984@nicolastesla.org,Netherlands,2025-04-13 22:00:00
446,Barbara,Williams,barbara.williams.6605@nicolastesla.org,China,2026-03-12 02:00:00
447,Joseph,Lopez,joseph.lopez.8132@nicolastesla.org,France,2025-11-11 06:00:00
448,Elizabeth,Martinez,elizabeth.martinez.329@nicolastesla.org,Germany,2025-12-14 03:00:00
449,Patricia,Smith,patricia.smith.4452@nicolastesla.org,Switzerland,2025-12-22 13:00:00
450,Linda,Lopez,linda.lopez.6551@nicolastesla.org,Canada,2025-12-18 22:00:00
451,Jennifer,Miller,jennifer.miller.9286@nicolastesla.org,China,2025-08-10 10:00:00
452,Elizabeth,Davis,elizabeth.davis.6209@nicolastesla.org,Switzerland,2025-07-11 21:00:00
453,Michael,Johnson,michael.johnson.4080@nicolastesla.org,China,2025-02-05 11:00:00
454,Michael,Smith,michael.smith.3556@nicolastesla.org,Netherlands,2025-04-05 06:00:00
455,Karen,Smith,karen.smith.4596@nicolastesla.org,USA,2026-01-28 23:00:00
456,Elizabeth,Brown,elizabeth.brown.6876@nicolastesla.org,Netherlands,2025-09-04 02:00:00
457,Thomas,Thomas,thomas.thomas.8483@nicolastesla.org,Canada,2025-06-24 20:00:00
458,Jennifer,Jones,jennifer.jones.8787@nicolastesla.org,France,2025-04-23 04:00:00
459,Jessica,Smith,jessica.smith.2236@nicolastesla.org,Canada,2025-05-21 23:00:00
460,Michael,Martinez,michael.martinez.7100@nicolastesla.org,Norway,2025-11-22 07:00:00
461,Susan,Smith,susan.smith.8465@nicolastesla.org,China,2026-01-23 07:00:00
462,Charles,Taylor,charles.taylor.6607@nicolastesla.org,Canada,2025-12-01 17:00:00
463,Barbara,Wilson,barbara.wilson.4009@nicolastesla.org,France,2025-07-05 14:00:00
464,Jennifer,Garcia,jennifer.garcia.255@nicolastesla.org,Switzerland,2025-01-21 13:00:00
465,Joseph,Hernandez,joseph.hernandez.1452@nicolastesla.org,USA,2025-09-06 16:00:00
466,Michael,Williams,michael.williams.7301@nicolastesla.org,Canada,2025-04-18 11:00:00
467,Sarah,Moore,sarah.moore.7484@nicolastesla.org,USA,2026-02-03 23:00:00
468,Joseph,Rodriguez,joseph.rodriguez.7133@nicolastesla.org,UK,2025-04-14 00:00:00
469,Thomas,Martinez,thomas.martinez.5966@nicolastesla.org,Switzerland,2025-03-21 22:00:00
470,Susan,Williams,susan.williams.6987@nicolastesla.org,China,2025-10-01 11:00:00
471,James,Garcia,james.garcia.6475@nicolastesla.org,France,2026-03-25 04:00:00
472,Michael,Thomas,michael.thomas.1892@nicolastesla.org,Switzerland,2025-02-12 05:00:00
473,Richard,Williams,richard.williams.6886@nicolastesla.org,Norway,2025-11-05 15:00:00
474,Elizabeth,Rodriguez,elizabeth.rodriguez.9183@nicolastesla.org,Switzerland,2025-11-21 00:00:00
475,William,Jones,william.jones.1282@nicolastesla.org,Switzerland,2026-01-05 20:00:00
476,Robert,Garcia,robert.garcia.8231@nicolastesla.org,China,2025-08-26 12:00:00
477,Michael,Martin,michael.martin.905@nicolastesla.org,France,2026-02-21 21:00:00
478,Richard,Rodriguez,richard.rodriguez.2914@nicolastesla.org,UK,2025-08-08 17:00:00
479,Michael,Johnson,michael.johnson.1049@nicolastesla.org,Switzerland,2025-11-27 10:00:00
480,Elizabeth,Gonzalez,elizabeth.gonzalez.3349@nicolastesla.org,Netherlands,2026-01-16 11:00:00
481,Richard,Taylor,richard.taylor.1870@nicolastesla.org,Norway,2025-06-03 11:00:00
482,Karen,Miller,karen.miller.5860@nicolastesla.org,USA,2025-03-28 19:00:00
483,Sarah,Johnson,sarah.johnson.8575@nicolastesla.org,UK,2025-12-22 03:00:00
484,David,Garcia,david.garcia.7456@nicolastesla.org,Germany,2025-03-18 07:00:00
485,Patricia,Moore,patricia.moore.856@nicolastesla.org,Norway,2025-03-06 15:00:00
486,Joseph,Wilson,joseph.wilson.1056@nicolastesla.org,USA,2025-10-20 07:00:00
487,Patricia,Smith,patricia.smith.8439@nicolastesla.org,China,2025-09-30 00:00:00
488,David,Smith,david.smith.2404@nicolastesla.org,Netherlands,2025-12-30 03:00:00
489,William,Miller,william.miller.4960@nicolastesla.org,UK,2025-05-30 01:00:00
490,Elizabeth,Anderson,elizabeth.anderson.7382@nicolastesla.org,UK,2025-07-02 23:00:00
491,John,Brown,john.brown.2063@nicolastesla.org,Switzerland,2025-04-27 08:00:00
492,Jessica,Brown,jessica.brown.6162@nicolastesla.org,Norway,2025-08-28 21:00:00
493,Susan,Gonzalez,susan.gonzalez.9388@nicolastesla.org,USA,2025-01-14 08:00:00
494,James,Martin,james.martin.2360@nicolastesla.org,Germany,2025-04-09 16:00:00
495,Mary,Moore,mary.moore.5758@nicolastesla.org,Switzerland,2025-03-27 05:00:00
496,Jennifer,Thomas,jennifer.thomas.7298@nicolastesla.org,China,2026-02-20 07:00:00
497,Charles,Smith,charles.smith.574@nicolastesla.org,France,2025-03-26 14:00:00
498,Jessica,Rodriguez,jessica.rodriguez.3970@nicolastesla.org,Germany,2025-12-05 12:00:00
499,Thomas,Moore,thomas.moore.1575@nicolastesla.org,UK,2025-04-06 23:00:00
500,Patricia,Williams,patricia.williams.3940@nicolastesla.org,Netherlands,2025-11-06 10:00:00
501,James,Martinez,james.martinez.498@nicolastesla.org,France,2026-03-05 21:00:00
502,Robert,Lopez,robert.lopez.3719@nicolastesla.org,Switzerland,2025-05-21 12:00:00
503,Thomas,Smith,thomas.smith.452@nicolastesla.org,France,2025-12-10 03:00:00
504,Michael,Garcia,michael.garcia.3674@nicolastesla.org,China,2026-01-06 04:00:00
505,Robert,Anderson,robert.anderson.6138@nicolastesla.org,China,2026-03-24 06:00:00
506,Michael,Jackson,michael.jackson.1956@nicolastesla.org,UK,2025-01-28 21:00:00
507,David,Johnson,david.johnson.1844@nicolastesla.org,UK,2025-12-22 16:00:00
508,David,Anderson,david.anderson.2254@nicolastesla.org,Norway,2025-10-26 20:00:00
509,Sarah,Rodriguez,sarah.rodriguez.273@nicolastesla.org,Canada,2025-09-26 23:00:00
510,Elizabeth,Garcia,elizabeth.garcia.7645@nicolastesla.org,Switzerland,2025-12-15 20:00:00
511,Thomas,Jones,thomas.jones.3092@nicolastesla.org,China,2025-04-19 00:00:00
512,Karen,Garcia,karen.garcia.5397@nicolastesla.org,Netherlands,2025-01-27 12:00:00
513,Michael,Martin,michael.martin.2980@nicolastesla.org,Norway,2026-02-14 11:00:00
514,Barbara,Garcia,barbara.garcia.7538@nicolastesla.org,UK,2026-01-05 19:00:00
515,Mary,Thomas,mary.thomas.2254@nicolastesla.org,UK,2025-01-29 13:00:00
516,Linda,Martin,linda.martin.3133@nicolastesla.org,Netherlands,2025-05-19 04:00:00
517,Sarah,Rodriguez,sarah.rodriguez.4096@nicolastesla.org,France,2025-12-31 01:00:00
518,Jennifer,Rodriguez,jennifer.rodriguez.6963@nicolastesla.org,Switzerland,2025-10-04 23:00:00
519,Linda,Gonzalez,linda.gonzalez.7581@nicolastesla.org,UK,2025-06-26 23:00:00
520,Jessica,Smith,jessica.smith.1074@nicolastesla.org,Canada,2025-10-21 08:00:00
521,Robert,Garcia,robert.garcia.9860@nicolastesla.org,Netherlands,2025-10-06 07:00:00
522,Michael,Lopez,michael.lopez.5490@nicolastesla.org,UK,2026-01-09 11:00:00
523,Patricia,Davis,patricia.davis.117@nicolastesla.org,Netherlands,2025-07-19 23:00:00
524,Joseph,Taylor,joseph.taylor.4698@nicolastesla.org,UK,2025-05-02 20:00:00
525,Charles,Wilson,charles.wilson.2938@nicolastesla.org,Norway,2025-09-13 20:00:00
526,John,Hernandez,john.hernandez.911@nicolastesla.org,Norway,2025-02-28 15:00:00
527,Elizabeth,Jackson,elizabeth.jackson.4858@nicolastesla.org,Germany,2025-07-03 07:00:00
528,Elizabeth,Miller,elizabeth.miller.2627@nicolastesla.org,UK,2025-01-24 01:00:00
529,Susan,Garcia,susan.garcia.8219@nicolastesla.org,China,2025-05-07 00:00:00
530,William,Taylor,william.taylor.9677@nicolastesla.org,Switzerland,2025-06-07 12:00:00
531,John,Hernandez,john.hernandez.9067@nicolastesla.org,Canada,2025-12-31 08:00:00
532,Mary,Rodriguez,mary.rodriguez.3207@nicolastesla.org,UK,2025-12-29 03:00:00
533,John,Gonzalez,john.gonzalez.6948@nicolastesla.org,Norway,2025-02-01 15:00:00
534,Jessica,Williams,jessica.williams.4190@nicolastesla.org,France,2025-02-06 15:00:00
535,Robert,Lopez,robert.lopez.8738@nicolastesla.org,Netherlands,2026-03-10 08:00:00
536,Michael,Anderson,michael.anderson.4422@nicolastesla.org,Switzerland,2026-01-02 23:00:00
537,James,Miller,james.miller.6736@nicolastesla.org,Norway,2025-03-21 05:00:00
538,Richard,Williams,richard.williams.1704@nicolastesla.org,Netherlands,2026-01-16 10:00:00
539,Michael,Davis,michael.davis.2140@nicolastesla.org,Switzerland,2025-03-16 13:00:00
540,Linda,Davis,linda.davis.5403@nicolastesla.org,Norway,2025-12-16 11:00:00
541,Patricia,Rodriguez,patricia.rodriguez.110@nicolastesla.org,Canada,2025-03-02 10:00:00
542,Sarah,Rodriguez,sarah.rodriguez.1344@nicolastesla.org,Netherlands,2026-02-10 16:00:00
543,Robert,Hernandez,robert.hernandez.236@nicolastesla.org,USA,2025-02-19 08:00:00
544,Charles,Martin,charles.martin.572@nicolastesla.org,Norway,2025-11-09 03:00:00
545,Charles,Lopez,charles.lopez.7555@nicolastesla.org,Germany,2025-10-13 21:00:00
546,Susan,Davis,susan.davis.5083@nicolastesla.org,Germany,2026-02-24 17:00:00
547,Barbara,Miller,barbara.miller.3898@nicolastesla.org,Germany,2025-12-22 07:00:00
548,Elizabeth,Johnson,elizabeth.johnson.6109@nicolastesla.org,Canada,2025-09-04 05:00:00
549,James,Jones,james.jones.9883@nicolastesla.org,China,2026-02-16 12:00:00
550,Elizabeth,Rodriguez,elizabeth.rodriguez.1813@nicolastesla.org,Canada,2025-11-09 11:00:00
551,William,Wilson,william.wilson.7478@nicolastesla.org,Germany,2025-05-01 22:00:00
552,Michael,Rodriguez,michael.rodriguez.2295@nicolastesla.org,Norway,2025-10-19 10:00:00
553,Linda,Miller,linda.miller.2686@nicolastesla.org,France,2025-07-19 18:00:00
554,Richard,Jones,richard.jones.1677@nicolastesla.org,Norway,2026-03-22 21:00:00
555,Linda,Gonzalez,linda.gonzalez.3778@nicolastesla.org,Switzerland,2025-12-13 20:00:00
556,Charles,Johnson,charles.johnson.1033@nicolastesla.org,France,2025-04-26 14:00:00
557,Robert,Taylor,robert.taylor.8846@nicolastesla.org,China,2025-03-15 17:00:00
558,Charles,Moore,charles.moore.4245@nicolastesla.org,France,2025-10-12 09:00:00
559,Patricia,Jackson,patricia.jackson.7960@nicolastesla.org,Germany,2025-07-15 19:00:00
560,Mary,Miller,mary.miller.2844@nicolastesla.org,Netherlands,2025-05-23 17:00:00
561,David,Davis,david.davis.6794@nicolastesla.org,Canada,2025-11-03 09:00:00
562,Richard,Jackson,richard.jackson.5473@nicolastesla.org,Germany,2025-09-30 21:00:00
563,Michael,Smith,michael.smith.3318@nicolastesla.org,USA,2026-03-26 05:00:00
564,Sarah,Hernandez,sarah.hernandez.8112@nicolastesla.org,Norway,2025-04-22 00:00:00
565,Jennifer,Smith,jennifer.smith.5288@nicolastesla.org,France,2025-12-15 12:00:00
566,John,Rodriguez,john.rodriguez.3017@nicolastesla.org,Netherlands,2025-07-21 05:00:00
567,Charles,Taylor,charles.taylor.6797@nicolastesla.org,Switzerland,2025-07-19 18:00:00
568,Robert,Wilson,robert.wilson.2685@nicolastesla.org,China,2025-02-28 13:00:00
569,Mary,Hernandez,mary.hernandez.556@nicolastesla.org,France,2025-01-25 17:00:00
570,Robert,Johnson,robert.johnson.3356@nicolastesla.org,France,2025-02-21 13:00:00
571,Sarah,Moore,sarah.moore.7231@nicolastesla.org,Norway,2026-01-31 14:00:00
572,Thomas,Davis,thomas.davis.8926@nicolastesla.org,USA,2025-07-12 00:00:00
573,Richard,Hernandez,richard.hernandez.6610@nicolastesla.org,France,2025-04-03 13:00:00
574,Jessica,Williams,jessica.williams.4410@nicolastesla.org,USA,2025-06-28 21:00:00
575,James,Jones,james.jones.6459@nicolastesla.org,Canada,2026-03-08 05:00:00
576,Patricia,Gonzalez,patricia.gonzalez.2157@nicolastesla.org,Germany,2025-03-03 08:00:00
577,John,Lopez,john.lopez.2843@nicolastesla.org,Canada,2025-06-07 11:00:00
578,Thomas,Miller,thomas.miller.4400@nicolastesla.org,France,2025-09-04 21:00:00
579,Karen,Johnson,karen.johnson.4673@nicolastesla.org,Canada,2025-05-18 22:00:00
580,Thomas,Lopez,thomas.lopez.9341@nicolastesla.org,France,2026-01-08 16:00:00
581,Patricia,Johnson,patricia.johnson.2940@nicolastesla.org,Norway,2026-02-16 06:00:00
582,John,Martinez,john.martinez.3986@nicolastesla.org,USA,2026-03-17 12:00:00
583,Jessica,Lopez,jessica.lopez.8221@nicolastesla.org,UK,2025-12-15 01:00:00
584,Robert,Garcia,robert.garcia.7549@nicolastesla.org,USA,2026-03-04 09:00:00
585,Karen,Martinez,karen.martinez.1410@nicolastesla.org,China,2025-12-07 03:00:00
586,Mary,Williams,mary.williams.9398@nicolastesla.org,Norway,2025-12-11 05:00:00
587,Karen,Martin,karen.martin.5442@nicolastesla.org,Canada,2026-02-19 12:00:00
588,William,Wilson,william.wilson.1878@nicolastesla.org,Canada,2025-11-17 07:00:00
589,Joseph,Brown,joseph.brown.7449@nicolastesla.org,USA,2025-11-03 04:00:00
590,John,Martin,john.martin.9693@nicolastesla.org,France,2025-05-01 23:00:00
591,Patricia,Williams,patricia.williams.3023@nicolastesla.org,Switzerland,2025-06-06 05:00:00
592,Patricia,Martin,patricia.martin.7755@nicolastesla.org,Switzerland,2025-06-21 08:00:00
593,Jessica,Lopez,jessica.lopez.3383@nicolastesla.org,Netherlands,2025-08-01 17:00:00
594,Susan,Williams,susan.williams.3719@nicolastesla.org,USA,2025-02-12 09:00:00
595,Linda,Davis,linda.davis.1412@nicolastesla.org,UK,2025-05-09 09:00:00
596,Mary,Anderson,mary.anderson.265@nicolastesla.org,France,2025-04-22 17:00:00
597,Thomas,Brown,thomas.brown.765@nicolastesla.org,Norway,2025-11-23 08:00:00
598,David,Johnson,david.johnson.4767@nicolastesla.org,Switzerland,2025-10-30 18:00:00
599,John,Anderson,john.anderson.6323@nicolastesla.org,Netherlands,2025-08-22 07:00:00
600,Karen,Jackson,karen.jackson.6173@nicolastesla.org,Norway,2025-10-25 02:00:00
601,Barbara,Thomas,barbara.thomas.2271@nicolastesla.org,Germany,2025-10-26 14:00:00
602,John,Jackson,john.jackson.608@nicolastesla.org,Norway,2025-07-20 22:00:00
603,Patricia,Johnson,patricia.johnson.3971@nicolastesla.org,Switzerland,2025-10-22 02:00:00
604,Mary,Jones,mary.jones.1657@nicolastesla.org,Canada,2025-07-01 07:00:00
605,Patricia,Thomas,patricia.thomas.3490@nicolastesla.org,China,2025-01-08 11:00:00
606,Thomas,Anderson,thomas.anderson.6511@nicolastesla.org,Netherlands,2026-02-01 13:00:00
607,Mary,Martinez,mary.martinez.7240@nicolastesla.org,Germany,2026-02-17 07:00:00
608,Linda,Taylor,linda.taylor.6024@nicolastesla.org,Norway,2025-03-28 19:00:00
609,David,Wilson,david.wilson.564@nicolastesla.org,Switzerland,2025-07-07 06:00:00
610,Thomas,Miller,thomas.miller.1065@nicolastesla.org,Canada,2025-05-21 10:00:00
611,Patricia,Thomas,patricia.thomas.9051@nicolastesla.org,USA,2026-02-22 16:00:00
612,Jennifer,Gonzalez,jennifer.gonzalez.987@nicolastesla.org,Netherlands,2025-08-24 23:00:00
613,Elizabeth,Taylor,elizabeth.taylor.9855@nicolastesla.org,UK,2025-10-01 17:00:00
614,Patricia,Smith,patricia.smith.7651@nicolastesla.org,UK,2026-03-04 12:00:00
615,Thomas,Hernandez,thomas.hernandez.2898@nicolastesla.org,USA,2025-10-24 00:00:00
616,Sarah,Jackson,sarah.jackson.2031@nicolastesla.org,USA,2025-08-20 05:00:00
617,Jessica,Jackson,jessica.jackson.8889@nicolastesla.org,USA,2026-02-01 02:00:00
618,John,Rodriguez,john.rodriguez.6707@nicolastesla.org,Switzerland,2025-04-27 03:00:00
619,Susan,Anderson,susan.anderson.4406@nicolastesla.org,Switzerland,2025-11-15 04:00:00
620,James,Miller,james.miller.8659@nicolastesla.org,UK,2025-03-24 10:00:00
621,Elizabeth,Wilson,elizabeth.wilson.6300@nicolastesla.org,Norway,2025-01-12 18:00:00
622,John,Gonzalez,john.gonzalez.3447@nicolastesla.org,Switzerland,2025-06-30 00:00:00
623,Jessica,Taylor,jessica.taylor.5725@nicolastesla.org,Switzerland,2025-10-10 15:00:00
624,David,Martin,david.martin.4554@nicolastesla.org,Norway,2025-06-07 04:00:00
625,William,Thomas,william.thomas.5255@nicolastesla.org,Norway,2026-01-01 06:00:00
626,James,Davis,james.davis.871@nicolastesla.org,China,2025-02-06 01:00:00
627,Richard,Gonzalez,richard.gonzalez.9596@nicolastesla.org,China,2025-07-09 19:00:00
628,Karen,Martin,karen.martin.9614@nicolastesla.org,Norway,2025-09-21 01:00:00
629,Patricia,Brown,patricia.brown.8770@nicolastesla.org,UK,2025-07-22 11:00:00
630,David,Jones,david.jones.2774@nicolastesla.org,USA,2025-12-08 11:00:00
631,Charles,Garcia,charles.garcia.8519@nicolastesla.org,Canada,2026-02-03 08:00:00
632,Thomas,Johnson,thomas.johnson.9099@nicolastesla.org,Netherlands,2025-11-17 06:00:00
633,James,Miller,james.miller.6396@nicolastesla.org,UK,2025-06-16 06:00:00
634,Susan,Williams,susan.williams.9699@nicolastesla.org,UK,2026-02-09 13:00:00
635,Michael,Gonzalez,michael.gonzalez.3522@nicolastesla.org,USA,2025-05-18 23:00:00
636,Linda,Jones,linda.jones.1609@nicolastesla.org,USA,2025-08-21 00:00:00
637,Elizabeth,Anderson,elizabeth.anderson.9319@nicolastesla.org,Norway,2025-07-18 11:00:00
638,Barbara,Jackson,barbara.jackson.7397@nicolastesla.org,Canada,2025-06-03 19:00:00
639,Mary,Martin,mary.martin.808@nicolastesla.org,China,2025-01-15 07:00:00
640,Michael,Martinez,michael.martinez.3083@nicolastesla.org,France,2025-11-29 17:00:00
641,William,Brown,william.brown.1819@nicolastesla.org,USA,2025-01-19 16:00:00
642,Jessica,Jones,jessica.jones.9048@nicolastesla.org,Germany,2026-03-12 10:00:00
643,Jennifer,Thomas,jennifer.thomas.1633@nicolastesla.org,Canada,2025-02-26 06:00:00
644,Linda,Lopez,linda.lopez.1990@nicolastesla.org,Norway,2025-06-23 13:00:00
645,Susan,Hernandez,susan.hernandez.1079@nicolastesla.org,Germany,2025-05-07 09:00:00
646,Jessica,Taylor,jessica.taylor.5193@nicolastesla.org,UK,2025-01-21 07:00:00
647,Charles,Martin,charles.martin.731@nicolastesla.org,Norway,2026-01-14 03:00:00
648,Karen,Anderson,karen.anderson.4718@nicolastesla.org,USA,2025-04-13 17:00:00
649,Jessica,Jones,jessica.jones.6302@nicolastesla.org,USA,2026-02-23 04:00:00
650,Thomas,Anderson,thomas.anderson.7579@nicolastesla.org,China,2025-08-27 12:00:00
651,Thomas,Hernandez,thomas.hernandez.2954@nicolastesla.org,Norway,2025-04-26 18:00:00
652,Sarah,Lopez,sarah.lopez.2674@nicolastesla.org,Germany,2025-04-05 22:00:00
653,Joseph,Gonzalez,joseph.gonzalez.193@nicolastesla.org,Canada,2025-07-20 05:00:00
654,William,Thomas,william.thomas.1642@nicolastesla.org,Norway,2026-01-30 19:00:00
655,Karen,Johnson,karen.johnson.2791@nicolastesla.org,Norway,2025-08-19 18:00:00
656,Richard,Thomas,richard.thomas.5693@nicolastesla.org,UK,2025-10-11 06:00:00
657,James,Miller,james.miller.250@nicolastesla.org,France,2025-02-08 18:00:00
658,Patricia,Anderson,patricia.anderson.6615@nicolastesla.org,UK,2025-11-17 21:00:00
659,William,Lopez,william.lopez.1355@nicolastesla.org,USA,2026-01-20 08:00:00
660,Sarah,Moore,sarah.moore.4277@nicolastesla.org,USA,2025-10-01 12:00:00
661,Jessica,Smith,jessica.smith.4244@nicolastesla.org,Norway,2026-03-16 16:00:00
662,David,Taylor,david.taylor.8382@nicolastesla.org,Norway,2025-01-29 07:00:00
663,Jennifer,Anderson,jennifer.anderson.5216@nicolastesla.org,Switzerland,2025-11-01 20:00:00
664,Patricia,Brown,patricia.brown.6672@nicolastesla.org,Norway,2025-04-06 09:00:00
665,Richard,Miller,richard.miller.474@nicolastesla.org,Netherlands,2025-05-19 18:00:00
666,Susan,Garcia,susan.garcia.8918@nicolastesla.org,USA,2025-11-26 19:00:00
667,Susan,Anderson,susan.anderson.733@nicolastesla.org,UK,2026-03-13 12:00:00
668,Richard,Gonzalez,richard.gonzalez.7976@nicolastesla.org,Netherlands,2025-09-01 21:00:00
669,Barbara,Rodriguez,barbara.rodriguez.8375@nicolastesla.org,China,2025-05-13 21:00:00
670,Joseph,Rodriguez,joseph.rodriguez.9476@nicolastesla.org,Germany,2026-03-26 01:00:00
671,John,Brown,john.brown.1122@nicolastesla.org,Norway,2025-03-28 10:00:00
672,Jennifer,Garcia,jennifer.garcia.8532@nicolastesla.org,Canada,2025-02-25 16:00:00
673,William,Miller,william.miller.7728@nicolastesla.org,France,2026-03-20 15:00:00
674,Jennifer,Williams,jennifer.williams.3679@nicolastesla.org,USA,2025-01-07 21:00:00
675,Barbara,Miller,barbara.miller.6849@nicolastesla.org,UK,2025-12-28 18:00:00
676,Richard,Moore,richard.moore.9277@nicolastesla.org,Netherlands,2025-06-11 12:00:00
677,Jessica,Hernandez,jessica.hernandez.6904@nicolastesla.org,Germany,2025-11-14 22:00:00
678,Robert,Johnson,robert.johnson.8264@nicolastesla.org,UK,2025-01-24 15:00:00
679,Michael,Jones,michael.jones.3760@nicolastesla.org,Netherlands,2026-03-19 05:00:00
680,Linda,Miller,linda.miller.8085@nicolastesla.org,France,2025-09-04 01:00:00
681,Sarah,Brown,sarah.brown.5663@nicolastesla.org,Germany,2025-03-21 07:00:00
682,Jennifer,Brown,jennifer.brown.1462@nicolastesla.org,Germany,2025-11-21 19:00:00
683,Richard,Taylor,richard.taylor.6024@nicolastesla.org,Norway,2025-09-28 02:00:00
684,Karen,Miller,karen.miller.3359@nicolastesla.org,France,2026-02-19 16:00:00
685,Karen,Brown,karen.brown.5258@nicolastesla.org,UK,2025-05-27 16:00:00
686,James,Thomas,james.thomas.9558@nicolastesla.org,Norway,2026-01-17 04:00:00
687,Jessica,Hernandez,jessica.hernandez.9332@nicolastesla.org,Switzerland,2025-11-24 21:00:00
688,Joseph,Moore,joseph.moore.620@nicolastesla.org,France,2025-12-04 07:00:00
689,Robert,Wilson,robert.wilson.3917@nicolastesla.org,USA,2025-10-17 02:00:00
690,William,Hernandez,william.hernandez.4489@nicolastesla.org,France,2025-06-24 19:00:00
691,Richard,Thomas,richard.thomas.4449@nicolastesla.org,Canada,2025-05-31 06:00:00
692,Joseph,Gonzalez,joseph.gonzalez.7741@nicolastesla.org,USA,2025-01-15 18:00:00
693,Karen,Garcia,karen.garcia.4176@nicolastesla.org,Netherlands,2025-04-28 04:00:00
694,Sarah,Lopez,sarah.lopez.4430@nicolastesla.org,Norway,2025-02-15 03:00:00
695,Barbara,Jackson,barbara.jackson.6137@nicolastesla.org,Netherlands,2025-05-17 12:00:00
696,Charles,Garcia,charles.garcia.472@nicolastesla.org,Switzerland,2026-02-24 10:00:00
697,James,Wilson,james.wilson.5690@nicolastesla.org,USA,2025-06-22 18:00:00
698,Susan,Hernandez,susan.hernandez.3675@nicolastesla.org,UK,2026-02-17 20:00:00
699,Sarah,Garcia,sarah.garcia.4831@nicolastesla.org,Netherlands,2025-06-07 08:00:00
700,Michael,Williams,michael.williams.6234@nicolastesla.org,Netherlands,2025-06-25 14:00:00
701,Joseph,Rodriguez,joseph.rodriguez.8537@nicolastesla.org,Switzerland,2025-09-11 23:00:00
702,David,Jones,david.jones.5935@nicolastesla.org,Switzerland,2025-08-18 03:00:00
703,Jennifer,Davis,jennifer.davis.9286@nicolastesla.org,Switzerland,2025-09-04 04:00:00
704,Susan,Gonzalez,susan.gonzalez.4516@nicolastesla.org,USA,2026-03-22 02:00:00
705,Charles,Jackson,charles.jackson.4120@nicolastesla.org,Canada,2025-09-10 21:00:00
706,Barbara,Anderson,barbara.anderson.9017@nicolastesla.org,China,2025-10-15 13:00:00
707,Thomas,Garcia,thomas.garcia.9330@nicolastesla.org,UK,2025-02-12 00:00:00
708,Elizabeth,Garcia,elizabeth.garcia.650@nicolastesla.org,Switzerland,2025-08-27 01:00:00
709,David,Rodriguez,david.rodriguez.457@nicolastesla.org,Switzerland,2025-10-23 21:00:00
710,Richard,Jones,richard.jones.8392@nicolastesla.org,Switzerland,2025-05-09 23:00:00
711,Karen,Anderson,karen.anderson.4180@nicolastesla.org,China,2026-01-18 10:00:00
712,Jennifer,Jones,jennifer.jones.9314@nicolastesla.org,Switzerland,2025-06-15 15:00:00
713,Robert,Johnson,robert.johnson.8872@nicolastesla.org,Germany,2025-11-26 02:00:00
714,Barbara,Jackson,barbara.jackson.415@nicolastesla.org,USA,2025-10-21 07:00:00
715,Michael,Johnson,michael.johnson.3878@nicolastesla.org,Germany,2025-03-20 04:00:00
716,Richard,Williams,richard.williams.1267@nicolastesla.org,France,2025-10-28 11:00:00
717,Barbara,Rodriguez,barbara.rodriguez.5924@nicolastesla.org,USA,2025-08-23 04:00:00
718,Charles,Moore,charles.moore.4736@nicolastesla.org,Norway,2025-10-13 20:00:00
719,Thomas,Martin,thomas.martin.2373@nicolastesla.org,France,2025-09-07 16:00:00
720,Michael,Lopez,michael.lopez.8468@nicolastesla.org,China,2025-08-19 09:00:00
721,William,Garcia,william.garcia.1956@nicolastesla.org,China,2025-08-05 10:00:00
722,John,Hernandez,john.hernandez.8837@nicolastesla.org,UK,2025-08-30 11:00:00
723,Robert,Garcia,robert.garcia.2372@nicolastesla.org,France,2025-12-06 08:00:00
724,David,Wilson,david.wilson.7032@nicolastesla.org,China,2025-08-20 03:00:00
725,Elizabeth,Davis,elizabeth.davis.4961@nicolastesla.org,Canada,2025-03-18 22:00:00
726,Michael,Wilson,michael.wilson.9852@nicolastesla.org,Norway,2026-02-16 02:00:00
727,Sarah,Taylor,sarah.taylor.5407@nicolastesla.org,Canada,2025-11-24 17:00:00
728,Jennifer,Martin,jennifer.martin.9589@nicolastesla.org,Switzerland,2025-07-19 22:00:00
729,Linda,Jackson,linda.jackson.3152@nicolastesla.org,Netherlands,2025-09-27 23:00:00
730,James,Rodriguez,james.rodriguez.1373@nicolastesla.org,UK,2025-04-24 04:00:00
731,Michael,Johnson,michael.johnson.6541@nicolastesla.org,China,2025-01-14 09:00:00
732,Mary,Hernandez,mary.hernandez.1076@nicolastesla.org,France,2026-03-19 04:00:00
733,Sarah,Martinez,sarah.martinez.9695@nicolastesla.org,Netherlands,2025-04-01 10:00:00
734,Thomas,Jackson,thomas.jackson.9767@nicolastesla.org,Switzerland,2025-12-31 17:00:00
735,William,Smith,william.smith.7934@nicolastesla.org,France,2025-12-27 00:00:00
736,Susan,Martinez,susan.martinez.7091@nicolastesla.org,UK,2025-03-10 16:00:00
737,Mary,Taylor,mary.taylor.197@nicolastesla.org,Norway,2025-05-28 10:00:00
738,James,Gonzalez,james.gonzalez.7404@nicolastesla.org,France,2025-04-19 21:00:00
739,Jessica,Garcia,jessica.garcia.5756@nicolastesla.org,Switzerland,2025-10-12 16:00:00
740,Thomas,Moore,thomas.moore.110@nicolastesla.org,Germany,2025-10-10 20:00:00
741,Karen,Miller,karen.miller.3884@nicolastesla.org,UK,2025-04-05 07:00:00
742,Michael,Wilson,michael.wilson.9485@nicolastesla.org,Germany,2025-02-01 01:00:00
743,Mary,Anderson,mary.anderson.4858@nicolastesla.org,USA,2025-07-12 18:00:00
744,Barbara,Garcia,barbara.garcia.4756@nicolastesla.org,Norway,2025-08-22 01:00:00
745,Barbara,Jackson,barbara.jackson.4736@nicolastesla.org,France,2025-05-22 03:00:00
746,Jessica,Martinez,jessica.martinez.3885@nicolastesla.org,China,2026-03-03 19:00:00
747,Robert,Lopez,robert.lopez.5082@nicolastesla.org,Canada,2026-02-02 20:00:00
748,Jessica,Rodriguez,jessica.rodriguez.8475@nicolastesla.org,UK,2025-03-18 19:00:00
749,Sarah,Thomas,sarah.thomas.905@nicolastesla.org,USA,2025-06-01 20:00:00
750,Karen,Miller,karen.miller.5566@nicolastesla.org,France,2025-02-06 18:00:00
751,Richard,Jones,richard.jones.8293@nicolastesla.org,Canada,2025-08-06 07:00:00
752,Patricia,Jones,patricia.jones.4349@nicolastesla.org,France,2026-01-20 07:00:00
753,Robert,Moore,robert.moore.5831@nicolastesla.org,Germany,2025-01-16 03:00:00
754,Linda,Williams,linda.williams.7481@nicolastesla.org,UK,2025-09-03 09:00:00
755,Michael,Martinez,michael.martinez.3153@nicolastesla.org,France,2025-12-15 01:00:00
756,Karen,Lopez,karen.lopez.7334@nicolastesla.org,Switzerland,2025-06-17 03:00:00
757,James,Martinez,james.martinez.5939@nicolastesla.org,Germany,2025-07-14 04:00:00
758,Thomas,Moore,thomas.moore.6268@nicolastesla.org,Norway,2025-10-26 19:00:00
759,Karen,Jones,karen.jones.8613@nicolastesla.org,China,2026-02-26 21:00:00
760,Patricia,Smith,patricia.smith.2526@nicolastesla.org,USA,2025-09-14 22:00:00
761,Linda,Rodriguez,linda.rodriguez.4832@nicolastesla.org,France,2025-12-21 20:00:00
762,Jennifer,Johnson,jennifer.johnson.1740@nicolastesla.org,Norway,2025-05-02 21:00:00
763,James,Hernandez,james.hernandez.6013@nicolastesla.org,China,2025-10-25 09:00:00
764,John,Jones,john.jones.846@nicolastesla.org,China,2026-02-28 01:00:00
765,Richard,Lopez,richard.lopez.2194@nicolastesla.org,Netherlands,2025-12-11 19:00:00
766,David,Garcia,david.garcia.1490@nicolastesla.org,Netherlands,2025-09-21 23:00:00
767,Patricia,Moore,patricia.moore.3714@nicolastesla.org,Canada,2026-01-01 05:00:00
768,Thomas,Smith,thomas.smith.7460@nicolastesla.org,Netherlands,2025-01-20 02:00:00
769,Karen,Garcia,karen.garcia.165@nicolastesla.org,UK,2025-04-22 20:00:00
770,Patricia,Taylor,patricia.taylor.6547@nicolastesla.org,UK,2025-03-02 23:00:00
771,Linda,Johnson,linda.johnson.4201@nicolastesla.org,Norway,2025-09-11 04:00:00
772,William,Moore,william.moore.5019@nicolastesla.org,Canada,2025-06-18 23:00:00
773,David,Martinez,david.martinez.9320@nicolastesla.org,China,2025-06-23 14:00:00
774,Jessica,Martinez,jessica.martinez.5962@nicolastesla.org,China,2026-01-09 01:00:00
775,Susan,Miller,susan.miller.3045@nicolastesla.org,Norway,2026-03-16 11:00:00
776,Jennifer,Thomas,jennifer.thomas.4320@nicolastesla.org,Norway,2025-01-06 18:00:00
777,William,Martinez,william.martinez.6146@nicolastesla.org,Canada,2025-12-30 00:00:00
778,Joseph,Lopez,joseph.lopez.5712@nicolastesla.org,USA,2025-12-25 00:00:00
779,Mary,Wilson,mary.wilson.9876@nicolastesla.org,France,2025-10-29 17:00:00
780,Barbara,Martinez,barbara.martinez.5619@nicolastesla.org,Canada,2025-12-24 12:00:00
781,William,Davis,william.davis.242@nicolastesla.org,Canada,2025-08-05 18:00:00
782,Karen,Anderson,karen.anderson.9083@nicolastesla.org,UK,2026-01-08 02:00:00
783,Susan,Jackson,susan.jackson.7587@nicolastesla.org,France,2025-01-22 04:00:00
784,Karen,Jackson,karen.jackson.7506@nicolastesla.org,UK,2025-12-14 01:00:00
785,Mary,Miller,mary.miller.9733@nicolastesla.org,Canada,2025-02-04 04:00:00
786,Richard,Johnson,richard.johnson.9547@nicolastesla.org,China,2025-09-29 20:00:00
787,Linda,Moore,linda.moore.2051@nicolastesla.org,Germany,2025-09-03 23:00:00
788,Barbara,Thomas,barbara.thomas.359@nicolastesla.org,Canada,2025-01-22 21:00:00
789,Susan,Lopez,susan.lopez.9991@nicolastesla.org,France,2025-07-21 19:00:00
790,Charles,Jones,charles.jones.8926@nicolastesla.org,UK,2025-11-09 17:00:00
791,Joseph,Martin,joseph.martin.1355@nicolastesla.org,Switzerland,2025-03-14 22:00:00
792,David,Taylor,david.taylor.8623@nicolastesla.org,Canada,2026-01-04 22:00:00
793,Thomas,Miller,thomas.miller.9338@nicolastesla.org,France,2026-02-22 11:00:00
794,Joseph,Williams,joseph.williams.1872@nicolastesla.org,USA,2025-06-05 10:00:00
795,Charles,Taylor,charles.taylor.857@nicolastesla.org,Switzerland,2025-03-03 09:00:00
796,Joseph,Johnson,joseph.johnson.1308@nicolastesla.org,Norway,2025-02-27 06:00:00
797,Karen,Davis,karen.davis.2940@nicolastesla.org,UK,2026-01-18 16:00:00
798,Karen,Williams,karen.williams.5189@nicolastesla.org,Netherlands,2025-05-13 06:00:00
799,Patricia,Miller,patricia.miller.3255@nicolastesla.org,Norway,2025-04-17 13:00:00
800,Sarah,Jackson,sarah.jackson.7148@nicolastesla.org,Canada,2025-10-18 07:00:00
801,Linda,Davis,linda.davis.1398@nicolastesla.org,China,2025-05-29 17:00:00
802,Barbara,Jackson,barbara.jackson.6313@nicolastesla.org,UK,2025-12-21 14:00:00
803,William,Taylor,william.taylor.9831@nicolastesla.org,Switzerland,2025-08-20 08:00:00
804,Patricia,Davis,patricia.davis.5351@nicolastesla.org,China,2025-01-02 07:00:00
805,David,Johnson,david.johnson.2533@nicolastesla.org,Netherlands,2025-09-19 12:00:00
806,Elizabeth,Anderson,elizabeth.anderson.1805@nicolastesla.org,Canada,2026-01-10 06:00:00
807,William,Hernandez,william.hernandez.8913@nicolastesla.org,UK,2025-10-28 16:00:00
808,Jessica,Wilson,jessica.wilson.5681@nicolastesla.org,Germany,2025-10-14 21:00:00
809,Linda,Jones,linda.jones.4039@nicolastesla.org,France,2025-11-15 15:00:00
810,Thomas,Jones,thomas.jones.4374@nicolastesla.org,Switzerland,2025-08-30 22:00:00
811,Jennifer,Wilson,jennifer.wilson.4693@nicolastesla.org,Germany,2025-01-25 01:00:00
812,Michael,Lopez,michael.lopez.7054@nicolastesla.org,China,2025-01-04 12:00:00
813,Barbara,Jackson,barbara.jackson.1366@nicolastesla.org,USA,2025-06-09 01:00:00
814,David,Taylor,david.taylor.4284@nicolastesla.org,USA,2025-04-07 18:00:00
815,Patricia,Hernandez,patricia.hernandez.2662@nicolastesla.org,France,2025-08-07 19:00:00
816,Thomas,Thomas,thomas.thomas.3675@nicolastesla.org,USA,2025-08-09 07:00:00
817,Charles,Hernandez,charles.hernandez.3100@nicolastesla.org,UK,2025-06-11 23:00:00
818,Robert,Taylor,robert.taylor.2146@nicolastesla.org,France,2025-10-08 11:00:00
819,Susan,Rodriguez,susan.rodriguez.7238@nicolastesla.org,France,2025-11-03 19:00:00
820,David,Davis,david.davis.8822@nicolastesla.org,Netherlands,2026-03-11 07:00:00
821,Barbara,Martinez,barbara.martinez.8885@nicolastesla.org,France,2026-02-04 23:00:00
822,Karen,Moore,karen.moore.7942@nicolastesla.org,Norway,2025-03-26 08:00:00
823,John,Thomas,john.thomas.6064@nicolastesla.org,Netherlands,2025-01-21 20:00:00
824,Elizabeth,Williams,elizabeth.williams.2381@nicolastesla.org,China,2026-03-18 11:00:00
825,William,Lopez,william.lopez.7592@nicolastesla.org,USA,2025-07-17 15:00:00
826,Michael,Wilson,michael.wilson.5815@nicolastesla.org,Norway,2025-10-28 18:00:00
827,Susan,Miller,susan.miller.2565@nicolastesla.org,Switzerland,2025-01-09 14:00:00
828,John,Williams,john.williams.8975@nicolastesla.org,UK,2026-02-08 08:00:00
829,Elizabeth,Jones,elizabeth.jones.9189@nicolastesla.org,Switzerland,2026-02-21 22:00:00
830,Joseph,Garcia,joseph.garcia.3439@nicolastesla.org,China,2025-08-27 13:00:00
831,David,Rodriguez,david.rodriguez.198@nicolastesla.org,Germany,2026-02-18 08:00:00
832,Thomas,Hernandez,thomas.hernandez.6321@nicolastesla.org,Netherlands,2025-11-10 13:00:00
833,Richard,Hernandez,richard.hernandez.1338@nicolastesla.org,Switzerland,2026-03-04 00:00:00
834,Sarah,Johnson,sarah.johnson.7167@nicolastesla.org,Netherlands,2025-01-04 17:00:00
835,Patricia,Martinez,patricia.martinez.4870@nicolastesla.org,France,2025-08-08 22:00:00
836,Patricia,Wilson,patricia.wilson.4428@nicolastesla.org,Switzerland,2025-06-07 21:00:00
837,Barbara,Miller,barbara.miller.5573@nicolastesla.org,Norway,2025-12-17 06:00:00
838,Richard,Jackson,richard.jackson.9074@nicolastesla.org,Germany,2025-06-07 21:00:00
839,Karen,Garcia,karen.garcia.4011@nicolastesla.org,USA,2025-05-31 10:00:00
840,David,Smith,david.smith.2623@nicolastesla.org,USA,2026-03-22 21:00:00
841,Linda,Brown,linda.brown.7650@nicolastesla.org,France,2025-02-12 00:00:00
842,Mary,Moore,mary.moore.8786@nicolastesla.org,UK,2025-12-10 01:00:00
843,Michael,Johnson,michael.johnson.7196@nicolastesla.org,Canada,2026-03-09 06:00:00
844,James,Jones,james.jones.3498@nicolastesla.org,Canada,2025-02-09 16:00:00
845,Charles,Miller,charles.miller.5171@nicolastesla.org,Norway,2026-02-20 02:00:00
846,Mary,Martin,mary.martin.8726@nicolastesla.org,Netherlands,2025-12-16 15:00:00
847,William,Martin,william.martin.4783@nicolastesla.org,UK,2025-09-05 01:00:00
848,Jennifer,Johnson,jennifer.johnson.1428@nicolastesla.org,Switzerland,2025-08-25 06:00:00
849,Thomas,Johnson,thomas.johnson.9708@nicolastesla.org,France,2026-03-10 04:00:00
850,Patricia,Garcia,patricia.garcia.273@nicolastesla.org,Netherlands,2025-10-31 17:00:00
851,Richard,Gonzalez,richard.gonzalez.4445@nicolastesla.org,Switzerland,2026-02-24 22:00:00
852,Mary,Lopez,mary.lopez.3117@nicolastesla.org,Norway,2025-07-10 10:00:00
853,Linda,Thomas,linda.thomas.3341@nicolastesla.org,USA,2025-05-07 08:00:00
854,Susan,Jones,susan.jones.2786@nicolastesla.org,USA,2025-11-12 18:00:00
855,Thomas,Miller,thomas.miller.3791@nicolastesla.org,China,2025-10-18 11:00:00
856,Richard,Lopez,richard.lopez.221@nicolastesla.org,Switzerland,2026-01-11 20:00:00
857,Sarah,Williams,sarah.williams.8273@nicolastesla.org,Norway,2025-07-19 06:00:00
858,Michael,Taylor,michael.taylor.6743@nicolastesla.org,China,2025-02-06 19:00:00
859,Richard,Hernandez,richard.hernandez.2106@nicolastesla.org,Germany,2025-05-29 05:00:00
860,Elizabeth,Hernandez,elizabeth.hernandez.7699@nicolastesla.org,Netherlands,2025-07-26 14:00:00
861,David,Jones,david.jones.9813@nicolastesla.org,Switzerland,2025-12-04 06:00:00
862,Richard,Rodriguez,richard.rodriguez.8321@nicolastesla.org,Norway,2026-02-26 20:00:00
863,Jessica,Johnson,jessica.johnson.7571@nicolastesla.org,France,2025-05-01 19:00:00
864,Karen,Miller,karen.miller.7715@nicolastesla.org,Netherlands,2025-09-09 15:00:00
865,Charles,Jackson,charles.jackson.4009@nicolastesla.org,Netherlands,2026-01-25 20:00:00
866,Jessica,Wilson,jessica.wilson.133@nicolastesla.org,France,2025-05-10 13:00:00
867,Charles,Rodriguez,charles.rodriguez.3243@nicolastesla.org,Netherlands,2025-07-02 01:00:00
868,Charles,Gonzalez,charles.gonzalez.753@nicolastesla.org,Netherlands,2025-08-14 20:00:00
869,Elizabeth,Johnson,elizabeth.johnson.9689@nicolastesla.org,Netherlands,2025-08-02 20:00:00
870,Jessica,Jones,jessica.jones.8911@nicolastesla.org,France,2025-05-22 03:00:00
871,Patricia,Gonzalez,patricia.gonzalez.1412@nicolastesla.org,Germany,2025-02-18 13:00:00
872,Joseph,Jackson,joseph.jackson.6651@nicolastesla.org,China,2025-09-29 08:00:00
873,Joseph,Jackson,joseph.jackson.5808@nicolastesla.org,UK,2025-10-22 23:00:00
874,William,Anderson,william.anderson.4776@nicolastesla.org,Netherlands,2025-12-08 21:00:00
875,Elizabeth,Taylor,elizabeth.taylor.1372@nicolastesla.org,UK,2025-05-06 20:00:00
876,Robert,Garcia,robert.garcia.6677@nicolastesla.org,Netherlands,2025-02-28 11:00:00
877,Linda,Smith,linda.smith.8570@nicolastesla.org,France,2025-06-08 17:00:00
878,Robert,Rodriguez,robert.rodriguez.6601@nicolastesla.org,Switzerland,2025-04-26 01:00:00
879,Jessica,Moore,jessica.moore.4201@nicolastesla.org,USA,2026-01-07 02:00:00
880,Charles,Hernandez,charles.hernandez.6296@nicolastesla.org,Netherlands,2025-10-16 16:00:00
881,Charles,Jackson,charles.jackson.4069@nicolastesla.org,UK,2025-05-17 21:00:00
882,Linda,Moore,linda.moore.3821@nicolastesla.org,France,2026-03-19 02:00:00
883,John,Brown,john.brown.6984@nicolastesla.org,Netherlands,2025-11-21 14:00:00
884,Thomas,Johnson,thomas.johnson.8043@nicolastesla.org,UK,2025-02-09 17:00:00
885,Karen,Martinez,karen.martinez.7685@nicolastesla.org,Switzerland,2026-01-07 01:00:00
886,Jennifer,Brown,jennifer.brown.6565@nicolastesla.org,USA,2025-05-11 12:00:00
887,Michael,Jones,michael.jones.1911@nicolastesla.org,Switzerland,2025-02-12 16:00:00
888,Sarah,Moore,sarah.moore.4654@nicolastesla.org,USA,2025-06-26 10:00:00
889,Barbara,Wilson,barbara.wilson.3871@nicolastesla.org,Norway,2025-04-27 02:00:00
890,Linda,Davis,linda.davis.190@nicolastesla.org,Canada,2025-06-14 08:00:00
891,Joseph,Rodriguez,joseph.rodriguez.7649@nicolastesla.org,China,2025-10-18 01:00:00
892,John,Jackson,john.jackson.3972@nicolastesla.org,Netherlands,2025-01-17 02:00:00
893,Joseph,Anderson,joseph.anderson.544@nicolastesla.org,UK,2025-01-06 02:00:00
894,Michael,Brown,michael.brown.8228@nicolastesla.org,Netherlands,2025-03-08 22:00:00
895,James,Hernandez,james.hernandez.9431@nicolastesla.org,USA,2025-08-06 14:00:00
896,Sarah,Martinez,sarah.martinez.4970@nicolastesla.org,Switzerland,2025-07-04 18:00:00
897,Mary,Wilson,mary.wilson.1566@nicolastesla.org,Netherlands,2025-12-14 16:00:00
898,Richard,Hernandez,richard.hernandez.9764@nicolastesla.org,Netherlands,2025-09-27 03:00:00
899,Barbara,Thomas,barbara.thomas.443@nicolastesla.org,Norway,2026-02-11 06:00:00
900,Patricia,Jones,patricia.jones.1114@nicolastesla.org,China,2025-08-11 18:00:00
901,Jessica,Brown,jessica.brown.1849@nicolastesla.org,China,2025-05-01 16:00:00
902,James,Moore,james.moore.739@nicolastesla.org,China,2025-04-28 10:00:00
903,John,Miller,john.miller.3141@nicolastesla.org,China,2025-12-04 11:00:00
904,David,Garcia,david.garcia.488@nicolastesla.org,Canada,2025-06-09 13:00:00
905,Richard,Miller,richard.miller.1954@nicolastesla.org,USA,2026-03-12 12:00:00
906,Mary,Moore,mary.moore.2804@nicolastesla.org,UK,2025-01-06 06:00:00
907,Susan,Jones,susan.jones.8311@nicolastesla.org,Netherlands,2026-03-26 19:00:00
908,Robert,Martin,robert.martin.399@nicolastesla.org,Canada,2025-06-06 14:00:00
909,Karen,Taylor,karen.taylor.8293@nicolastesla.org,USA,2025-08-25 09:00:00
910,Patricia,Lopez,patricia.lopez.4235@nicolastesla.org,France,2025-05-04 22:00:00
911,Barbara,Johnson,barbara.johnson.3777@nicolastesla.org,USA,2025-08-31 02:00:00
912,John,Johnson,john.johnson.7376@nicolastesla.org,China,2025-08-10 08:00:00
913,Jennifer,Jones,jennifer.jones.4063@nicolastesla.org,Netherlands,2025-04-06 20:00:00
914,Karen,Jones,karen.jones.5483@nicolastesla.org,UK,2026-03-11 07:00:00
915,Patricia,Jones,patricia.jones.2425@nicolastesla.org,China,2025-02-19 15:00:00
916,Jennifer,Martin,jennifer.martin.5963@nicolastesla.org,China,2025-02-11 14:00:00
917,Richard,Wilson,richard.wilson.1298@nicolastesla.org,Norway,2025-01-02 12:00:00
918,Charles,Jackson,charles.jackson.8514@nicolastesla.org,Germany,2025-11-04 22:00:00
919,Karen,Gonzalez,karen.gonzalez.2258@nicolastesla.org,UK,2025-10-16 19:00:00
920,Michael,Thomas,michael.thomas.7582@nicolastesla.org,Canada,2025-07-30 03:00:00
921,James,Lopez,james.lopez.6535@nicolastesla.org,China,2025-11-22 05:00:00
922,John,Lopez,john.lopez.3235@nicolastesla.org,USA,2025-02-14 18:00:00
923,Jessica,Gonzalez,jessica.gonzalez.7569@nicolastesla.org,China,2025-03-06 08:00:00
924,Michael,Martin,michael.martin.270@nicolastesla.org,Netherlands,2025-09-05 05:00:00
925,Joseph,Williams,joseph.williams.7529@nicolastesla.org,USA,2025-04-27 18:00:00
926,Elizabeth,Jackson,elizabeth.jackson.8570@nicolastesla.org,Canada,2025-02-17 12:00:00
927,John,Martin,john.martin.5037@nicolastesla.org,Canada,2025-04-05 02:00:00
928,Karen,Martinez,karen.martinez.9273@nicolastesla.org,Switzerland,2025-11-27 15:00:00
929,Joseph,Thomas,joseph.thomas.8242@nicolastesla.org,France,2025-10-17 23:00:00
930,Charles,Thomas,charles.thomas.9251@nicolastesla.org,USA,2025-12-23 00:00:00
931,Patricia,Rodriguez,patricia.rodriguez.7180@nicolastesla.org,UK,2025-07-02 20:00:00
932,Thomas,Moore,thomas.moore.5796@nicolastesla.org,Norway,2025-05-21 05:00:00
933,Michael,Taylor,michael.taylor.8935@nicolastesla.org,Switzerland,2025-11-05 23:00:00
934,Patricia,Martin,patricia.martin.6545@nicolastesla.org,Canada,2025-09-28 18:00:00
935,Joseph,Jackson,joseph.jackson.5341@nicolastesla.org,Netherlands,2025-11-30 21:00:00
936,William,Anderson,william.anderson.1092@nicolastesla.org,Netherlands,2025-10-18 05:00:00
937,Jennifer,Smith,jennifer.smith.996@nicolastesla.org,UK,2025-12-30 09:00:00
938,Karen,Anderson,karen.anderson.319@nicolastesla.org,Norway,2025-05-10 07:00:00
939,William,Garcia,william.garcia.8290@nicolastesla.org,Norway,2025-03-16 23:00:00
940,Joseph,Smith,joseph.smith.2249@nicolastesla.org,Germany,2025-07-27 06:00:00
941,Charles,Rodriguez,charles.rodriguez.1786@nicolastesla.org,USA,2025-08-31 21:00:00
942,Patricia,Miller,patricia.miller.7965@nicolastesla.org,USA,2025-10-25 09:00:00
943,Mary,Johnson,mary.johnson.7953@nicolastesla.org,Norway,2025-11-10 02:00:00
944,John,Martinez,john.martinez.7999@nicolastesla.org,Germany,2025-10-21 13:00:00
945,David,Williams,david.williams.1962@nicolastesla.org,Germany,2025-07-11 21:00:00
946,Robert,Moore,robert.moore.6112@nicolastesla.org,France,2025-11-18 18:00:00
947,Richard,Thomas,richard.thomas.4796@nicolastesla.org,Switzerland,2025-07-26 02:00:00
948,Michael,Rodriguez,michael.rodriguez.8023@nicolastesla.org,Netherlands,2025-07-21 10:00:00
949,Robert,Moore,robert.moore.3695@nicolastesla.org,China,2025-09-17 12:00:00
950,Jennifer,Lopez,jennifer.lopez.8557@nicolastesla.org,Germany,2025-03-09 02:00:00
951,John,Wilson,john.wilson.5885@nicolastesla.org,Norway,2025-10-31 15:00:00
952,Mary,Martinez,mary.martinez.359@nicolastesla.org,Canada,2025-02-05 21:00:00
953,Jennifer,Wilson,jennifer.wilson.5298@nicolastesla.org,China,2025-03-20 03:00:00
954,David,Moore,david.moore.2353@nicolastesla.org,USA,2025-07-09 08:00:00
955,Robert,Wilson,robert.wilson.2312@nicolastesla.org,Germany,2025-03-02 21:00:00
956,Elizabeth,Garcia,elizabeth.garcia.5741@nicolastesla.org,Switzerland,2026-02-11 12:00:00
957,Mary,Anderson,mary.anderson.5521@nicolastesla.org,France,2025-10-16 03:00:00
958,Richard,Jackson,richard.jackson.8167@nicolastesla.org,Norway,2026-01-08 04:00:00
959,Joseph,Taylor,joseph.taylor.6897@nicolastesla.org,Canada,2026-01-04 18:00:00
960,David,Taylor,david.taylor.2358@nicolastesla.org,Germany,2025-08-09 09:00:00
961,Thomas,Wilson,thomas.wilson.2941@nicolastesla.org,China,2025-05-28 20:00:00
962,Thomas,Martin,thomas.martin.4879@nicolastesla.org,Switzerland,2025-01-11 13:00:00
963,Jennifer,Miller,jennifer.miller.3392@nicolastesla.org,UK,2025-01-10 05:00:00
964,Richard,Brown,richard.brown.2736@nicolastesla.org,UK,2025-05-03 15:00:00
965,David,Martin,david.martin.8237@nicolastesla.org,China,2025-03-06 12:00:00
966,Karen,Thomas,karen.thomas.510@nicolastesla.org,France,2025-05-27 02:00:00
967,Susan,Rodriguez,susan.rodriguez.4616@nicolastesla.org,Norway,2025-09-29 13:00:00
968,Linda,Moore,linda.moore.3011@nicolastesla.org,USA,2026-01-05 08:00:00
969,Michael,Brown,michael.brown.8502@nicolastesla.org,Switzerland,2025-12-06 07:00:00
970,Jennifer,Lopez,jennifer.lopez.6121@nicolastesla.org,Canada,2025-07-29 12:00:00
971,Jennifer,Miller,jennifer.miller.4013@nicolastesla.org,Germany,2025-07-21 10:00:00
972,Robert,Brown,robert.brown.9419@nicolastesla.org,Norway,2025-01-22 04:00:00
973,James,Jones,james.jones.947@nicolastesla.org,Norway,2026-03-18 01:00:00
974,Elizabeth,Martin,elizabeth.martin.5891@nicolastesla.org,Norway,2025-11-26 13:00:00
975,Linda,Martinez,linda.martinez.788@nicolastesla.org,Switzerland,2025-12-25 09:00:00
976,Michael,Jones,michael.jones.4595@nicolastesla.org,UK,2025-11-19 11:00:00
977,Linda,Miller,linda.miller.5917@nicolastesla.org,Netherlands,2025-07-08 00:00:00
978,Charles,Williams,charles.williams.5036@nicolastesla.org,France,2025-10-04 04:00:00
979,Charles,Smith,charles.smith.5733@nicolastesla.org,Canada,2025-12-17 01:00:00
980,Jennifer,Anderson,jennifer.anderson.279@nicolastesla.org,Germany,2026-03-23 12:00:00
981,Susan,Taylor,susan.taylor.402@nicolastesla.org,Germany,2025-02-28 12:00:00
982,Susan,Hernandez,susan.hernandez.6002@nicolastesla.org,UK,2025-10-19 16:00:00
983,Joseph,Davis,joseph.davis.1624@nicolastesla.org,Switzerland,2025-12-25 04:00:00
984,Linda,Smith,linda.smith.293@nicolastesla.org,UK,2025-01-03 22:00:00
985,Joseph,Jones,joseph.jones.8101@nicolastesla.org,Switzerland,2025-10-24 06:00:00
986,William,Johnson,william.johnson.8838@nicolastesla.org,Norway,2025-12-16 13:00:00
987,James,Gonzalez,james.gonzalez.2866@nicolastesla.org,Germany,2025-07-07 22:00:00
988,Richard,Thomas,richard.thomas.5652@nicolastesla.org,USA,2025-01-24 07:00:00
989,Jennifer,Thomas,jennifer.thomas.7735@nicolastesla.org,France,2025-01-25 19:00:00
990,Karen,Jones,karen.jones.2372@nicolastesla.org,Norway,2025-08-29 06:00:00
991,Robert,Hernandez,robert.hernandez.5596@nicolastesla.org,China,2025-07-31 17:00:00
992,Joseph,Williams,joseph.williams.522@nicolastesla.org,Canada,2025-11-28 09:00:00
993,Sarah,Anderson,sarah.anderson.9120@nicolastesla.org,France,2025-01-09 09:00:00
994,James,Garcia,james.garcia.3244@nicolastesla.org,Germany,2026-02-24 06:00:00
995,Robert,Moore,robert.moore.1524@nicolastesla.org,Norway,2025-09-03 02:00:00
996,James,Smith,james.smith.5371@nicolastesla.org,Germany,2025-02-26 08:00:00
997,William,Hernandez,william.hernandez.262@nicolastesla.org,Switzerland,2025-06-17 19:00:00
998,James,Gonzalez,james.gonzalez.1138@nicolastesla.org,Netherlands,2025-01-31 18:00:00
999,Susan,Jones,susan.jones.584@nicolastesla.org,Switzerland,2025-12-07 02:00:00
1000,Sarah,Davis,sarah.davis.8569@nicolastesla.org,France,2025-02-02 15:00:00
1001,Patricia,Jackson,patricia.jackson.5436@nicolastesla.org,Germany,2025-04-28 09:00:00
1002,Mary,Miller,mary.miller.7084@nicolastesla.org,Switzerland,2025-01-30 00:00:00
1003,Susan,Martin,susan.martin.1025@nicolastesla.org,Netherlands,2025-01-14 08:00:00
1004,Charles,Jones,charles.jones.6934@nicolastesla.org,Netherlands,2025-04-03 00:00:00
1005,Thomas,Lopez,thomas.lopez.2107@nicolastesla.org,USA,2026-01-15 08:00:00
1006,Michael,Rodriguez,michael.rodriguez.2180@nicolastesla.org,UK,2026-02-03 01:00:00
1007,Barbara,Garcia,barbara.garcia.4178@nicolastesla.org,China,2025-03-09 20:00:00
1008,Joseph,Martinez,joseph.martinez.5881@nicolastesla.org,France,2025-03-07 03:00:00
1009,Charles,Johnson,charles.johnson.3800@nicolastesla.org,Germany,2025-11-18 06:00:00
1010,David,Jones,david.jones.5180@nicolastesla.org,Norway,2025-05-15 09:00:00
1011,Jennifer,Smith,jennifer.smith.5995@nicolastesla.org,Switzerland,2025-10-06 18:00:00
1012,John,Davis,john.davis.5234@nicolastesla.org,Germany,2025-09-24 09:00:00
1013,John,Anderson,john.anderson.5737@nicolastesla.org,France,2025-01-05 20:00:00
1014,Jennifer,Rodriguez,jennifer.rodriguez.8575@nicolastesla.org,Germany,2025-08-11 08:00:00
1015,Linda,Davis,linda.davis.4508@nicolastesla.org,USA,2025-09-11 15:00:00
1016,Barbara,Davis,barbara.davis.2806@nicolastesla.org,Canada,2025-01-27 03:00:00
1017,James,Wilson,james.wilson.1869@nicolastesla.org,Netherlands,2025-04-30 18:00:00
1018,Michael,Martin,michael.martin.7284@nicolastesla.org,France,2025-07-18 02:00:00
1019,Mary,Anderson,mary.anderson.9563@nicolastesla.org,China,2026-02-04 09:00:00
1020,Barbara,Davis,barbara.davis.4304@nicolastesla.org,Switzerland,2025-12-13 08:00:00
1021,Karen,Lopez,karen.lopez.2622@nicolastesla.org,Canada,2025-12-14 16:00:00
1022,Thomas,Davis,thomas.davis.2391@nicolastesla.org,Canada,2025-01-21 07:00:00
1023,Elizabeth,Rodriguez,elizabeth.rodriguez.4390@nicolastesla.org,Switzerland,2025-07-29 01:00:00
1024,Sarah,Hernandez,sarah.hernandez.1311@nicolastesla.org,Canada,2026-02-24 17:00:00
1025,John,Martinez,john.martinez.2949@nicolastesla.org,China,2025-08-27 18:00:00
1026,Robert,Hernandez,robert.hernandez.2763@nicolastesla.org,France,2025-03-26 14:00:00
1027,Charles,Davis,charles.davis.1700@nicolastesla.org,Norway,2025-09-13 08:00:00
1028,James,Johnson,james.johnson.2772@nicolastesla.org,Switzerland,2025-12-31 14:00:00
1029,John,Martin,john.martin.9861@nicolastesla.org,USA,2026-02-26 22:00:00
1030,Mary,Jackson,mary.jackson.2213@nicolastesla.org,China,2026-03-04 02:00:00
1031,Charles,Anderson,charles.anderson.514@nicolastesla.org,UK,2025-07-05 10:00:00
1111,Linda,Davis,linda.davis.7324@nicolastesla.org,Germany,2026-03-02 18:00:00
1032,Thomas,Anderson,thomas.anderson.6802@nicolastesla.org,Canada,2026-02-19 06:00:00
1033,Barbara,Hernandez,barbara.hernandez.2150@nicolastesla.org,Canada,2025-06-03 16:00:00
1034,Thomas,Martinez,thomas.martinez.6347@nicolastesla.org,USA,2025-07-25 23:00:00
1035,Joseph,Miller,joseph.miller.9297@nicolastesla.org,USA,2025-02-05 06:00:00
1036,David,Brown,david.brown.8292@nicolastesla.org,Switzerland,2025-04-20 20:00:00
1037,Charles,Miller,charles.miller.9306@nicolastesla.org,UK,2025-07-16 04:00:00
1038,John,Martin,john.martin.5892@nicolastesla.org,Norway,2025-06-27 22:00:00
1039,Joseph,Martin,joseph.martin.9531@nicolastesla.org,Canada,2025-02-09 04:00:00
1040,Michael,Gonzalez,michael.gonzalez.8898@nicolastesla.org,USA,2026-02-24 18:00:00
1041,Patricia,Williams,patricia.williams.9451@nicolastesla.org,Norway,2025-10-20 11:00:00
1042,Jennifer,Garcia,jennifer.garcia.8015@nicolastesla.org,Switzerland,2025-09-06 08:00:00
1043,Karen,Moore,karen.moore.5523@nicolastesla.org,Switzerland,2025-03-31 19:00:00
1044,Susan,Gonzalez,susan.gonzalez.3686@nicolastesla.org,USA,2025-11-01 19:00:00
1045,Barbara,Anderson,barbara.anderson.1227@nicolastesla.org,UK,2025-08-08 16:00:00
1046,Jennifer,Jackson,jennifer.jackson.4072@nicolastesla.org,Norway,2025-03-01 02:00:00
1047,Linda,Moore,linda.moore.7711@nicolastesla.org,Canada,2025-06-28 11:00:00
1048,Joseph,Gonzalez,joseph.gonzalez.5548@nicolastesla.org,China,2025-11-22 12:00:00
1049,Elizabeth,Johnson,elizabeth.johnson.3213@nicolastesla.org,Netherlands,2026-01-14 19:00:00
1050,John,Jones,john.jones.5889@nicolastesla.org,UK,2025-05-05 02:00:00
1051,William,Rodriguez,william.rodriguez.409@nicolastesla.org,China,2025-12-05 22:00:00
1052,Charles,Lopez,charles.lopez.6415@nicolastesla.org,France,2025-09-23 04:00:00
1053,Richard,Gonzalez,richard.gonzalez.7920@nicolastesla.org,Netherlands,2025-09-03 03:00:00
1054,James,Miller,james.miller.7666@nicolastesla.org,Canada,2025-09-12 07:00:00
1055,Joseph,Hernandez,joseph.hernandez.6418@nicolastesla.org,Germany,2025-07-27 04:00:00
1056,Susan,Johnson,susan.johnson.6086@nicolastesla.org,Canada,2025-01-09 06:00:00
1057,Robert,Brown,robert.brown.1988@nicolastesla.org,Canada,2025-11-26 06:00:00
1058,Jennifer,Gonzalez,jennifer.gonzalez.9067@nicolastesla.org,Germany,2025-10-28 09:00:00
1059,Karen,Moore,karen.moore.4221@nicolastesla.org,USA,2025-11-03 13:00:00
1060,Jennifer,Moore,jennifer.moore.5580@nicolastesla.org,Switzerland,2025-07-06 01:00:00
1061,Robert,Williams,robert.williams.9961@nicolastesla.org,USA,2025-12-07 22:00:00
1062,Sarah,Lopez,sarah.lopez.2482@nicolastesla.org,Germany,2026-02-25 21:00:00
1063,Jennifer,Martinez,jennifer.martinez.8970@nicolastesla.org,Netherlands,2025-01-12 14:00:00
1064,Richard,Lopez,richard.lopez.6721@nicolastesla.org,UK,2025-04-02 06:00:00
1065,John,Jones,john.jones.178@nicolastesla.org,Switzerland,2025-01-22 12:00:00
1066,Mary,Rodriguez,mary.rodriguez.8324@nicolastesla.org,Switzerland,2025-04-17 00:00:00
1067,Mary,Lopez,mary.lopez.246@nicolastesla.org,Norway,2025-09-22 02:00:00
1068,Elizabeth,Martinez,elizabeth.martinez.7902@nicolastesla.org,China,2025-09-23 17:00:00
1069,Susan,Johnson,susan.johnson.532@nicolastesla.org,China,2025-12-09 01:00:00
1070,Thomas,Gonzalez,thomas.gonzalez.6809@nicolastesla.org,Switzerland,2025-11-04 00:00:00
1071,Charles,Garcia,charles.garcia.1924@nicolastesla.org,Netherlands,2025-12-17 03:00:00
1072,John,Williams,john.williams.3816@nicolastesla.org,Switzerland,2025-06-14 21:00:00
1073,Patricia,Jones,patricia.jones.2664@nicolastesla.org,Netherlands,2026-03-10 22:00:00
1074,Barbara,Thomas,barbara.thomas.6238@nicolastesla.org,Germany,2025-07-27 03:00:00
1075,Richard,Miller,richard.miller.7937@nicolastesla.org,Netherlands,2025-05-07 18:00:00
1076,Mary,Jackson,mary.jackson.684@nicolastesla.org,Germany,2026-02-26 05:00:00
1077,Susan,Anderson,susan.anderson.8263@nicolastesla.org,Germany,2025-05-06 17:00:00
1078,Susan,Johnson,susan.johnson.7443@nicolastesla.org,France,2025-03-27 12:00:00
1079,Sarah,Miller,sarah.miller.867@nicolastesla.org,Canada,2025-02-13 16:00:00
1080,Patricia,Brown,patricia.brown.1801@nicolastesla.org,Canada,2026-01-17 05:00:00
1081,Karen,Martinez,karen.martinez.3262@nicolastesla.org,Norway,2026-02-14 02:00:00
1082,Thomas,Johnson,thomas.johnson.1860@nicolastesla.org,France,2025-11-05 12:00:00
1083,William,Rodriguez,william.rodriguez.118@nicolastesla.org,Canada,2025-05-26 20:00:00
1084,Barbara,Anderson,barbara.anderson.392@nicolastesla.org,Norway,2025-04-10 10:00:00
1085,Jennifer,Johnson,jennifer.johnson.7541@nicolastesla.org,Netherlands,2025-12-04 14:00:00
1086,William,Hernandez,william.hernandez.1660@nicolastesla.org,Germany,2025-07-27 02:00:00
1087,Elizabeth,Williams,elizabeth.williams.7130@nicolastesla.org,China,2025-06-07 18:00:00
1088,William,Martin,william.martin.5170@nicolastesla.org,Norway,2025-03-04 12:00:00
1089,Susan,Jones,susan.jones.8994@nicolastesla.org,USA,2025-12-28 04:00:00
1090,Thomas,Garcia,thomas.garcia.3178@nicolastesla.org,China,2025-12-22 08:00:00
1091,Linda,Miller,linda.miller.6790@nicolastesla.org,UK,2025-05-19 20:00:00
1092,Charles,Anderson,charles.anderson.1512@nicolastesla.org,Netherlands,2025-06-14 10:00:00
1093,Michael,Wilson,michael.wilson.9977@nicolastesla.org,UK,2025-01-06 23:00:00
1094,Karen,Johnson,karen.johnson.2954@nicolastesla.org,China,2025-12-31 14:00:00
1095,Charles,Brown,charles.brown.986@nicolastesla.org,UK,2026-02-24 06:00:00
1096,Susan,Martin,susan.martin.5223@nicolastesla.org,China,2025-01-09 02:00:00
1097,Patricia,Smith,patricia.smith.5311@nicolastesla.org,Germany,2025-07-28 15:00:00
1098,James,Brown,james.brown.2306@nicolastesla.org,Netherlands,2025-03-01 06:00:00
1099,James,Wilson,james.wilson.4965@nicolastesla.org,Switzerland,2026-01-23 05:00:00
1100,Patricia,Taylor,patricia.taylor.1287@nicolastesla.org,USA,2025-12-27 22:00:00
1101,Jessica,Taylor,jessica.taylor.3807@nicolastesla.org,France,2025-01-04 11:00:00
1102,Mary,Rodriguez,mary.rodriguez.9107@nicolastesla.org,Germany,2025-04-02 02:00:00
1103,Karen,Lopez,karen.lopez.2727@nicolastesla.org,France,2026-03-12 14:00:00
1104,William,Rodriguez,william.rodriguez.8956@nicolastesla.org,Germany,2025-03-30 02:00:00
1105,Sarah,Hernandez,sarah.hernandez.6157@nicolastesla.org,France,2025-07-09 08:00:00
1106,Karen,Wilson,karen.wilson.1229@nicolastesla.org,China,2025-02-23 00:00:00
1107,Jennifer,Thomas,jennifer.thomas.5708@nicolastesla.org,Canada,2025-11-21 16:00:00
1108,Elizabeth,Jones,elizabeth.jones.4100@nicolastesla.org,Germany,2025-05-28 14:00:00
1109,Barbara,Lopez,barbara.lopez.3222@nicolastesla.org,Canada,2025-09-02 20:00:00
1110,Susan,Moore,susan.moore.7326@nicolastesla.org,USA,2026-03-17 16:00:00
1112,Richard,Miller,richard.miller.2021@nicolastesla.org,UK,2025-08-27 23:00:00
1113,Michael,Hernandez,michael.hernandez.5095@nicolastesla.org,Switzerland,2025-11-11 01:00:00
1114,Linda,Lopez,linda.lopez.8944@nicolastesla.org,Germany,2025-08-24 22:00:00
1115,Susan,Davis,susan.davis.5153@nicolastesla.org,Netherlands,2025-09-28 21:00:00
1116,Charles,Jackson,charles.jackson.7639@nicolastesla.org,Germany,2025-11-23 20:00:00
1117,Susan,Johnson,susan.johnson.4815@nicolastesla.org,USA,2025-06-15 07:00:00
1118,James,Brown,james.brown.773@nicolastesla.org,Norway,2026-03-25 18:00:00
1119,Charles,Thomas,charles.thomas.2822@nicolastesla.org,UK,2025-12-29 03:00:00
1120,Joseph,Martinez,joseph.martinez.4928@nicolastesla.org,Norway,2025-06-09 15:00:00
1121,David,Gonzalez,david.gonzalez.9500@nicolastesla.org,Germany,2025-08-04 16:00:00
1122,Linda,Martin,linda.martin.1190@nicolastesla.org,China,2025-03-07 19:00:00
1123,John,Thomas,john.thomas.6241@nicolastesla.org,Germany,2025-09-06 08:00:00
1124,David,Davis,david.davis.3219@nicolastesla.org,Norway,2026-01-05 19:00:00
1125,Sarah,Moore,sarah.moore.8236@nicolastesla.org,France,2026-02-24 13:00:00
1126,Jessica,Martinez,jessica.martinez.3460@nicolastesla.org,France,2025-06-05 19:00:00
1127,Michael,Gonzalez,michael.gonzalez.8936@nicolastesla.org,Germany,2025-01-15 13:00:00
1128,Barbara,Gonzalez,barbara.gonzalez.815@nicolastesla.org,Switzerland,2025-11-20 20:00:00
1129,Jessica,Jackson,jessica.jackson.1681@nicolastesla.org,Norway,2026-03-11 11:00:00
1130,James,Jones,james.jones.9347@nicolastesla.org,UK,2025-05-20 04:00:00
1131,Linda,Gonzalez,linda.gonzalez.7901@nicolastesla.org,UK,2025-09-07 14:00:00
1132,Karen,Hernandez,karen.hernandez.7316@nicolastesla.org,France,2025-05-05 01:00:00
1133,Jennifer,Jackson,jennifer.jackson.8169@nicolastesla.org,China,2026-02-21 17:00:00
1134,Karen,Martinez,karen.martinez.464@nicolastesla.org,Germany,2025-11-26 06:00:00
1135,Barbara,Williams,barbara.williams.1120@nicolastesla.org,UK,2026-03-26 19:00:00
1136,Joseph,Moore,joseph.moore.7091@nicolastesla.org,Switzerland,2025-06-05 10:00:00
1137,Linda,Gonzalez,linda.gonzalez.6697@nicolastesla.org,Norway,2025-03-17 15:00:00
1138,Charles,Jackson,charles.jackson.2373@nicolastesla.org,USA,2025-03-08 19:00:00
1139,Sarah,Lopez,sarah.lopez.8754@nicolastesla.org,USA,2025-04-20 23:00:00
1140,Michael,Brown,michael.brown.2690@nicolastesla.org,Germany,2025-01-01 19:00:00
1141,David,Brown,david.brown.7894@nicolastesla.org,Switzerland,2025-05-30 19:00:00
1142,John,Anderson,john.anderson.3058@nicolastesla.org,Norway,2025-04-28 07:00:00
1143,Thomas,Jackson,thomas.jackson.9295@nicolastesla.org,UK,2025-03-05 00:00:00
1144,David,Jackson,david.jackson.8927@nicolastesla.org,France,2025-03-20 09:00:00
1145,Linda,Lopez,linda.lopez.1778@nicolastesla.org,France,2025-04-06 13:00:00
1146,Richard,Thomas,richard.thomas.5133@nicolastesla.org,Switzerland,2025-02-09 05:00:00
1147,James,Jones,james.jones.7590@nicolastesla.org,Switzerland,2025-10-07 08:00:00
1148,Jennifer,Gonzalez,jennifer.gonzalez.5592@nicolastesla.org,Germany,2026-01-26 16:00:00
1149,Richard,Thomas,richard.thomas.7862@nicolastesla.org,Germany,2025-12-13 22:00:00
1150,Sarah,Jones,sarah.jones.7882@nicolastesla.org,USA,2025-11-07 00:00:00
1151,Thomas,Gonzalez,thomas.gonzalez.5935@nicolastesla.org,France,2026-03-25 04:00:00
1152,Jessica,Anderson,jessica.anderson.9064@nicolastesla.org,Norway,2025-04-06 20:00:00
1153,James,Williams,james.williams.9528@nicolastesla.org,Switzerland,2025-08-10 13:00:00
1154,Susan,Moore,susan.moore.6600@nicolastesla.org,Switzerland,2025-04-13 23:00:00
1155,Patricia,Davis,patricia.davis.4650@nicolastesla.org,China,2025-08-18 13:00:00
1156,Jessica,Hernandez,jessica.hernandez.1111@nicolastesla.org,Canada,2025-03-25 23:00:00
1157,Jessica,Miller,jessica.miller.5826@nicolastesla.org,France,2025-06-13 06:00:00
1158,Patricia,Rodriguez,patricia.rodriguez.1681@nicolastesla.org,Switzerland,2025-01-23 00:00:00
1159,Susan,Smith,susan.smith.8339@nicolastesla.org,Netherlands,2026-03-26 14:00:00
1160,James,Jackson,james.jackson.5097@nicolastesla.org,Germany,2025-06-23 15:00:00
1161,Robert,Jones,robert.jones.8243@nicolastesla.org,France,2025-09-14 13:00:00
1162,Sarah,Lopez,sarah.lopez.6186@nicolastesla.org,Switzerland,2026-02-23 13:00:00
1163,Susan,Wilson,susan.wilson.7298@nicolastesla.org,USA,2025-11-24 08:00:00
1164,Mary,Moore,mary.moore.2932@nicolastesla.org,Norway,2025-09-08 01:00:00
1165,Richard,Rodriguez,richard.rodriguez.8216@nicolastesla.org,China,2025-07-19 04:00:00
1166,Richard,Williams,richard.williams.8914@nicolastesla.org,Norway,2026-02-11 04:00:00
1167,William,Rodriguez,william.rodriguez.6625@nicolastesla.org,Germany,2025-08-13 01:00:00
1168,Robert,Williams,robert.williams.8543@nicolastesla.org,UK,2025-07-23 02:00:00
1169,Linda,Anderson,linda.anderson.2778@nicolastesla.org,Canada,2026-03-13 02:00:00
1170,James,Jackson,james.jackson.6615@nicolastesla.org,UK,2025-04-09 23:00:00
1171,Charles,Martinez,charles.martinez.220@nicolastesla.org,France,2025-04-23 01:00:00
1172,Thomas,Martin,thomas.martin.7848@nicolastesla.org,Canada,2026-02-22 08:00:00
1173,Mary,Miller,mary.miller.6064@nicolastesla.org,Germany,2026-03-16 22:00:00
1174,Michael,Wilson,michael.wilson.7677@nicolastesla.org,France,2025-09-04 06:00:00
1175,Linda,Williams,linda.williams.9167@nicolastesla.org,Norway,2025-05-11 21:00:00
1176,David,Taylor,david.taylor.5651@nicolastesla.org,Germany,2025-05-08 07:00:00
1177,Robert,Hernandez,robert.hernandez.2849@nicolastesla.org,Norway,2025-01-20 13:00:00
1178,Patricia,Thomas,patricia.thomas.735@nicolastesla.org,UK,2025-09-08 17:00:00
1179,Jessica,Lopez,jessica.lopez.1790@nicolastesla.org,UK,2025-08-08 08:00:00
1180,Sarah,Williams,sarah.williams.9637@nicolastesla.org,China,2025-11-29 07:00:00
1181,Joseph,Williams,joseph.williams.2177@nicolastesla.org,France,2025-06-18 01:00:00
1182,William,Lopez,william.lopez.7231@nicolastesla.org,Canada,2025-04-08 09:00:00
1183,John,Moore,john.moore.5177@nicolastesla.org,Norway,2025-08-14 17:00:00
1184,Thomas,Moore,thomas.moore.3446@nicolastesla.org,France,2026-01-25 23:00:00
1185,Susan,Jackson,susan.jackson.4672@nicolastesla.org,UK,2025-12-28 13:00:00
1186,Susan,Gonzalez,susan.gonzalez.4697@nicolastesla.org,France,2025-11-01 05:00:00
1187,Elizabeth,Brown,elizabeth.brown.8237@nicolastesla.org,Canada,2025-09-17 16:00:00
1188,David,Williams,david.williams.7331@nicolastesla.org,Canada,2025-06-02 10:00:00
1189,Jennifer,Johnson,jennifer.johnson.6545@nicolastesla.org,Canada,2025-07-25 20:00:00
1190,Linda,Jones,linda.jones.3918@nicolastesla.org,Canada,2025-09-04 14:00:00
1191,Michael,Martin,michael.martin.313@nicolastesla.org,UK,2025-05-09 06:00:00
1192,Linda,Gonzalez,linda.gonzalez.4374@nicolastesla.org,Norway,2025-10-09 12:00:00
1193,Linda,Thomas,linda.thomas.6604@nicolastesla.org,Norway,2025-09-09 18:00:00
1194,David,Hernandez,david.hernandez.5362@nicolastesla.org,USA,2026-01-15 17:00:00
1195,John,Rodriguez,john.rodriguez.4854@nicolastesla.org,UK,2025-10-11 22:00:00
1196,Linda,Rodriguez,linda.rodriguez.6455@nicolastesla.org,Canada,2025-07-15 23:00:00
1197,Thomas,Jones,thomas.jones.9906@nicolastesla.org,China,2025-03-10 22:00:00
1198,Jessica,Davis,jessica.davis.3366@nicolastesla.org,Norway,2025-01-29 14:00:00
1199,Michael,Martinez,michael.martinez.7939@nicolastesla.org,France,2025-01-23 02:00:00
1200,Barbara,Anderson,barbara.anderson.6054@nicolastesla.org,Germany,2025-01-10 13:00:00
